Entreprise,Colonne 1,Anné,secteur,Logo,Perf / ans,Prix actuel,Prix juste,Prix cible ,Valeur %,Per,Dette/EBITDA,Dividende %,Dividende €,EPS,DETTE,EBITDA,TOTAL ACTION,PER,ROIC,Marge opé,FCF,PAY OUT RATIO,CA,TICKER,SCORE VALUE,EPS %,PEG,Colonne 5,,,,,,,,,,,,,,,,,,,,,,,,,,,,,
,,,,,,,,,,,,,,,,,,,,,,,,,,,,,,,,,,,,,,,,,,,,,,,,,,,,,,,,,
Entreprise,Colonne 1,Anné,secteur,Logo,Perf / ans,Prix actuel,Prix juste,Prix cible ,Valeur %,Per,Dette/EBITDA,Dividende %,Dividende €,EPS,DETTE,EBITDA,TOTAL ACTION,PER,ROIC,Marge opé,FCF,PAY OUT RATIO,CA,TICKER,SCORE VALUE,EPS %,PEG,Colonne 4,Colonne 5,,,,,,,,,,,,,,,,,,,,,,,,,,,,
TOTAL ENERGIE,https://upload.wikimedia.org/wikipedia/fr/f/f7/Logo_TotalEnergies.svg,2026,Energie,,"5,60","76,38","41,09","41,94","0,86","13,01","0,28","3,94",,,"3,88","13,99","2,12","12,77","7,91","9,82","4,23",,"161,90",EPA:TTE,"9,61","8,52","1,50",,,,valourec vk,,,,,Column 15,Entreprise,Colonne 1,secteur,Logo,Perf / ans,Prix actuel,Prix juste,Prix cible ,Dividende %,Valeur %,Per,Dette/EBITDA,ROIC,Marge opé,,,,,,,
TOTAL ENERGIE,,2025,,,,,,,,,"1,71",,,"5,87","23,47","13,72","2,14","10,85","7,88","11,49","4,16",,"161,57",,,,,,,,interparfun,,,,,,TOTAL ENERGIE,https://upload.wikimedia.org/wikipedia/fr/f/f7/Logo_TotalEnergies.svg,2026,Energie,,"5,60","76,38","41,09","41,94","0,86","13,01","0,28","3,94",,,"3,88","13,99","2,12","12,77","7,91","9,82"
TOTAL ENERGIE,,2024,,,,,,,,,"1,51",,"3,22","7,51","22,35","14,81","2,25","8,48","9,77","12,74","6,37","50,79","180,40",,,,,,,,,,,,,,AIR LIQUIDE,https://upload.wikimedia.org/wikipedia/commons/thumb/d/da/Air_Liquide_-_logo_%28France%2C_2017%29.svg/960px-Air_Liquide_-_logo_%28France%2C_2017%29.svg.png,2026,Energie,,"5,60","177,4","172,05","153,12","0,03","27,8","1,67","2,71",,,"23,64","14,12","577,57","29,83","9,55","21,52"
TOTAL ENERGIE,,2023,,,,,,,,,"1,09",,"3,01","8,52","18,62","17,07","2,35","7,58","13,67","14,61","8,72","36,79","202,52",,,,,,,,,,,,,,GTT,https://marine-oceans.com/wp-content/uploads/2022/09/gtt-new-logo.jpg,2026,Energie,,"-1,16","196,5","115,80","111,32","0,70",,"0,03","3,82","7,50","9,37","0,42","12,79","37,06","18,45","75,47","65,05"
TOTAL ENERGIE,,2022,,,,,,,,,"0,95",,"2,81","13,02","22,14","23,22","2,48","7,72","13,52","19,32","11,72","36,76","250,54",,,,,,,,,,,,,,,,,,,,,,,,,,,,,,,,,,
TOTAL ENERGIE,,2021,,,,,,,,,"1,75",,"2,64","5,88","21,44","12,26","2,61","8,71","9,84","13,43","5,77","51,22","156,21",,,,,,,,,,,,,,,,,,,,,,,,,,,,,,,,,,
TOTAL ENERGIE,,2020,,,,,,,,,"4,51",,"2,64","1,17","24,28","5,38","2,63",,"-4,53","1,41","1,36",,"105,01",,,,,,,,,,,,,,,,,,,,,,,,,,,,,,,,,,
TOTAL ENERGIE,,2019,,,,,,,,,"1,95",,"2,68","3,90","21,30","10,92","2,59","12,80","7,12","9,23","4,39","69,26","157,47",,,,,,,,,,,,,,,,,,,,,,,,,,,,,,,,,,
TOTAL ENERGIE,,2018,,,,,,,,,"1,84",,"2,56","4,42","17,82","9,68","2,61","12,49","7,36","9,23","3,67","68,80","156,06",,,,,,,,,,,,,,,,,,,,,,,,,,,,,,,,,,
AIR LIQUIDE,https://upload.wikimedia.org/wikipedia/commons/thumb/d/da/Air_Liquide_-_logo_%28France%2C_2017%29.svg/960px-Air_Liquide_-_logo_%28France%2C_2017%29.svg.png,2026,Energie,,"5,60","177,42","172,05","153,12","0,03","27,81","1,67","2,71",,,"23,64","14,12","577,57","29,83","9,55","21,52","4,35",,,EPA:AI,"13,02","7,87","3,79",,,,,,,,,,,,,,,,,,,,,,,,,,,,,,
AIR LIQUIDE,,2025,,,,,,,,,"1,67",,,"6,38","23,64","14,12",,"26,34","9,55","20,72","4,35",,"26,94",,,,,,,,,,,,,,,,,,,,,,,,,,,,,,,,,,
AIR LIQUIDE,,2024,,,,,,,,,"1,58",,"3,30","6,01","21,53","13,66","576,44","28,31","9,40","19,93","4,49","57,54","27,06",,,,,,,,,,,,,,,,,,,,,,,,,,,,,,,,,,
AIR LIQUIDE,,2023,,,,,,,,,"1,60",,"2,91","5,78","21,01","13,10","575,47","27,44","8,94","18,36","4,62","54,28","27,61",,,,,,,,,,,,,,,,,,,,,,,,,,,,,,,,,,
AIR LIQUIDE,,2022,,,,,,,,,"1,84",,"2,68","5,51","23,34","12,71","575,80","29,98","8,12","16,24","4,02","55,82","29,93",,,,,,,,,,,,,,,,,,,,,,,,,,,,,,,,,,
AIR LIQUIDE,,2021,,,,,,,,,"2,20",,"2,40","4,50","24,32","11,03","573,62","25,14","8,20","17,83","4,28","53,24","23,33",,,,,,,,,,,,,,,,,,,,,,,,,,,,,,,,,,
AIR LIQUIDE,,2020,,,,,,,,,"2,29",,"2,27","4,26","23,69","10,33","571,28","28,27","7,95","18,50","4,05","53,26","20,49",,,,,,,,,,,,,,,,,,,,,,,,,,,,,,,,,,
AIR LIQUIDE,,2019,,,,,,,,,"2,48",,"2,23","3,93","25,70","10,35","570,50","26,14","7,35","17,31","3,24","56,76","21,92",,,,,,,,,,,,,,,,,,,,,,,,,,,,,,,,,,
AIR LIQUIDE,,2018,,,,,,,,,"2,73",,"1,99","3,71","24,99","9,14","769,62","26,67","7,25","16,41","4,04","53,50","21,01",,,,,,,,,,,,,,,,,,,,,,,,,,,,,,,,,,
LVMH,https://upload.wikimedia.org/wikipedia/commons/e/e0/LVMH-black.png,2026,Luxe,,"11,18","469,80","524,40","408,54","-0,10","21,50","1,49","2,77","13,00",,"73,08","48,96","496,39","24,63","11,59","21,20","30,31",,"80,81",EPA:MC,"14,02","8,76","2,81",,,,,,,,,,,,,,,,,,,,,,,,,,,,,,
LVMH,,2025,,,,,,,,,"1,48",,"13,00","21,85","72,09","48,80","496,39","29,52","11,59","21,88","30,21","59,47","80,81",,,,,,,,,,,,,,,,,,,,,,,,,,,,,,,,,,
LVMH,,2024,,,,,,,,,"1,56",,"13,00","25,12","81,50","52,22","499,37","25,30","13,90","23,08","28,45","51,73","84,68",,,,,,,,,,,,,,,,,,,,,,,,,,,,,,,,,,
LVMH,,2023,,,,,,,,,"1,34",,"13,00","30,33","76,92","57,48","499,51","24,19","18,47","26,46","23,18","42,84","86,15",,,,,,,,,,,,,,,,,,,,,,,,,,,,,,,,,,
LVMH,,2022,,,,,,,,,"1,32",,"12,00","28,03","69,83","52,99","501,08","24,26","18,85","26,54","26,75","42,78","79,18",,,,,,,,,,,,,,,,,,,,,,,,,,,,,,,,,,
LVMH,,2021,,,,,,,,,"1,55",,"10,00","23,89","68,37","44,03","503,19","30,44","18,06","26,67","31,72","41,84","64,22",,,,,,,,,,,,,,,,,,,,,,,,,,,,,,,,,,
LVMH,,2020,,,,,,,,,"2,86",,"6,00","9,32","74,34","25,95","503,90","54,79","8,23","18,64","17,59","64,27","44,65",,,,,,,,,,,,,,,,,,,,,,,,,,,,,,,,,,
LVMH,,2019,,,,,,,,,"1,58",,"4,80","14,36","50,13","31,63","503,65","29,10","15,87","21,35","17,33","33,68","53,67",,,,,,,,,,,,,,,,,,,,,,,,,,,,,,,,,,
LVMH,,2018,,,,,,,,,,,,,,,,,,,,,,,,,,,,,,,,,,,,,,,,,,,,,,,,,,,,,,,
FERRARI,https://logo-marque.com/wp-content/uploads/2020/05/Ferrari-Logo.png,2026,Luxe,,"12,61","298,60","268,80","221,52","0,11","33,33","1,03","1,00","2,99","8,46","16,23","15,72","177,28","34,74","28,60","29,02","10,49",,"7,15",BIT:RACE,"19,71","15,00","2,32",,,,,,,,,,,,,,,,,,,,,,,,,,,,,,
FERRARI,,2025,,,,,,,,,"1,03",,,,"16,17","15,66","177,28","35,59","28,60","29,83","10,45",,"7,15",,,,,,,,,,,,,,,,,,,,,,,,,,,,,,,,,,
FERRARI,,2024,,,,,,,,,"1,31",,"2,99","6,90","18,62","14,22","179,04","48,77","29,41","28,34","8,02","35,27","6,68",,,,,,,,,,,,,,,,,,,,,,,,,,,,,,,,,,
FERRARI,,2023,,,,,,,,,"1,08",,"2,44","5,09","13,65","12,63","180,42","44,25","27,15","27,30","7,35","35,36","5,97",,,,,,,,,,,,,,,,,,,,,,,,,,,,,,,,,,
FERRARI,,2022,,,,,,,,,"1,57",,"1,81","4,50","15,36","9,77","181,95","36,30","21,33","24,39","5,77","35,48","5,10",,,,,,,,,,,,,,,,,,,,,,,,,,,,,,,,,,
FERRARI,,2021,,,,,,,,,"1,72",,"1,36","2,88","14,24","8,28","183,84","50,58","20,92","25,15","5,04","30,24","4,27",,,,,,,,,,,,,,,,,,,,,,,,,,,,,,,,,,
FERRARI,,2020,,,,,,,,,"2,36",,"0,87","3,71","14,70","6,24","184,75","57,54","17,96","21,10","2,60","26,36","3,46",,,,,,,,,,,,,,,,,,,,,,,,,,,,,,,,,,
FERRARI,,2019,,,,,,,,,"1,64",,"1,13","3,40","11,14","6,78","185,28","39,86","22,91","24,40","5,09","30,33","3,77",,,,,,,,,,,,,,,,,,,,,,,,,,,,,,,,,,
FERRARI,,2018,,,,,,,,,"1,73",,"1,03",,"10,18","5,89","187,92","20,95","30,17","24,18","1,56","24,76","3,42",,,,,,,,,,,,,,,,,,,,,,,,,,,,,,,,,,
VERALLIA,https://upload.wikimedia.org/wikipedia/fr/0/07/Logo_verallia.jpg,2026,Industrie,,"13,34","19,74","25,79","22,81","-0,23","9,19","3,32","8,61","1,70",,"19,03","5,73","117,83","24,00","3,24","9,16","1,76",,"3,41",EPA:VRLA,"4,63","7,44","3,22",,,,,,,,,,,,,,,,,,,,,,,,,,,,,,
VERALLIA,,2025,,,,,,,,,"3,32",,,"1,25","19,04","5,74","117,83","30,00","3,24","9,37","1,76",,,,,,,,,,,,,,,,,,,,,,,,,,,,,,,,,,,,
VERALLIA,,2024,,,,,,,,,"2,73",,"1,70","2,00","19,13","7,02","117,72","12,14","8,78","13,77","1,08","84,68","3,46",,,,,,,,,,,,,,,,,,,,,,,,,,,,,,,,,,
VERALLIA,,2023,,,,,,,,,"1,68",,"2,15","4,01","15,68","9,31","116,90","8,70","18,54","19,66","3,35","53,49","3,90",,,,,,,,,,,,,,,,,,,,,,,,,,,,,,,,,,
VERALLIA,,2022,,,,,,,,,"2,05",,"1,40","2,92","15,01","7,31","117,26","10,87","14,03","16,99","2,59","47,97","3,35",,,,,,,,,,,,,,,,,,,,,,,,,,,,,,,,,,
VERALLIA,,2021,,,,,,,,,"2,60",,"1,05","2,01","14,63","5,62","116,77","15,40","10,99","14,87","2,96","52,17","2,67",,,,,,,,,,,,,,,,,,,,,,,,,,,,,,,,,,
VERALLIA,,2020,,,,,,,,,"2,80",,"0,95","1,67","14,47","5,16","123,27","17,37","9,95","13,67","2,78","56,77","2,54",,,,,,,,,,,,,,,,,,,,,,,,,,,,,,,,,,
VERALLIA,,2019,,,,,,,,,"3,03",,"0,85","1,30","15,59","5,15","118,39","30,24","5,62","12,04","1,56","84,93","2,59",,,,,,,,,,,,,,,,,,,,,,,,,,,,,,,,,,
VERALLIA,,2018,,,,,,,,,,,,,,,,,,,,,,,,,,,,,,,,,,,,,,,,,,,,,,,,,,,,,,,
NESTLE,https://cdn.worldvectorlogo.com/logos/nestle-4.svg,2026,Consommation de base,,"1,75","77,87","79,56","66,32","-0,02","17,62",,,,,,"6,94","2,53","21,92","10,84","15,43","4,41",,"15,90",SWX:NESN,"11,39","1,32","16,65",,,,,,,,,,,,,,,,,,,,,,,,,,,,,,
NESTLE,,2025,,,,,,,,,"3,23",,"3,10","4,42","22,46","6,95","2,57","22,45","10,84","15,94","4,42","88,30","15,90",,,,,,,,,,,,,,,,,,,,,,,,,,,,,,,,,,
NESTLE,,2024,,,,,,,,,"3,30",,"3,05","4,77","24,46","7,41","2,57","17,88","12,87","17,17","4,25","72,75","16,68",,,,,,,,,,,,,,,,,,,,,,,,,,,,,,,,,,
NESTLE,,2023,,,,,,,,,"2,84",,"3,00","4,80","20,86","7,35","2,62","23,04","13,43","17,22","3,86","70,82","15,94",,,,,,,,,,,,,,,,,,,,,,,,,,,,,,,,,,
NESTLE,,2022,,,,,,,,,"2,78",,"2,95","4,80","20,05","7,20","2,67","31,31","10,59","16,90","2,51","86,14","11,91",,,,,,,,,,,,,,,,,,,,,,,,,,,,,,,,,,
NESTLE,,2021,,,,,,,,,"2,51",,"2,80","4,42","16,69","6,65","2,76","21,04","20,71","17,37","3,22","46,18","13,86",,,,,,,,,,,,,,,,,,,,,,,,,,,,,,,,,,
NESTLE,,2020,,,,,,,,,"2,13",,"2,75","4,21","14,02","6,57","2,82","24,28","16,44","18,09","3,62","63,96","14,38",,,,,,,,,,,,,,,,,,,,,,,,,,,,,,,,,,
NESTLE,,2019,,,,,,,,,"1,86",,"2,70","4,41","12,67","6,81","2,88","24,38","15,94","17,57","4,14","62,72","15,85",,,,,,,,,,,,,,,,,,,,,,,,,,,,,,,,,,
NESTLE,,2018,,,,,,,,,,,,,,,,,,,,,,,,,,,,,,,,,,,,,,,,,,,,,,,,,,,,,,,
SCHNEIDER ELECTRIC,https://companieslogo.com/img/orig/SU.PA_BIG-8cd10b23.png?t=1720244494,2026,Industrie,,"3,81","276,20","188,98","170,87","0,46","32,15","2,20","1,41","3,90","8,59","31,56","14,34","562,22","32,84","10,20","15,14","9,00",,"40,15",EPA:SU,"10,70","10,06","3,27",,,,,,,,,,,,,,,,,,,,,,,,,,,,,,
SCHNEIDER ELECTRIC,,2025,,,,,,,,,"2,04",,,"8,59","31,10","15,21","562,22","32,05","10,20","17,50","8,87",,"40,15",,,,,,,,,,,,,,,,,,,,,,,,,,,,,,,,,,
SCHNEIDER ELECTRIC,,2024,,,,,,,,,"1,97",,"3,90","8,32","28,06","14,22","560,97","32,11","10,50","17,18","8,14","51,22","38,15",,,,,,,,,,,,,,,,,,,,,,,,,,,,,,,,,,
SCHNEIDER ELECTRIC,,2023,,,,,,,,,"2,02",,"3,50","7,26","26,29","13,03","558,32","25,73","11,02","16,60","8,81","48,95","35,90",,,,,,,,,,,,,,,,,,,,,,,,,,,,,,,,,,
SCHNEIDER ELECTRIC,,2022,,,,,,,,,"1,67",,"3,15","7,11","20,75","12,43","559,11","21,25","10,43","16,22","6,45","50,56","34,18",,,,,,,,,,,,,,,,,,,,,,,,,,,,,,,,,,
SCHNEIDER ELECTRIC,,2021,,,,,,,,,"1,82",,"2,90","5,67","19,20","10,57","556,58","30,39","10,25","15,76","5,44","50,36","28,91",,,,,,,,,,,,,,,,,,,,,,,,,,,,,,,,,,
SCHNEIDER ELECTRIC,,2020,,,,,,,,,"2,36",,"2,60","3,81","20,61","8,75","554,33","31,03","7,27","14,58","7,08","67,72","25,16",,,,,,,,,,,,,,,,,,,,,,,,,,,,,,,,,,
SCHNEIDER ELECTRIC,,2019,,,,,,,,,"1,63",,"2,55","5,32","15,20","9,30","551,02","21,14","8,70","14,77","6,77","58,24","27,16",,,,,,,,,,,,,,,,,,,,,,,,,,,,,,,,,,
SCHNEIDER ELECTRIC,,2018,,,,,,,,,"1,65",,"2,35","4,62","13,32","8,07","549,48","14,34","9,04","14,24","4,26","55,78","25,72",,,,,,,,,,,,,,,,,,,,,,,,,,,,,,,,,,
HERMES,https://upload.wikimedia.org/wikipedia/fr/thumb/4/43/Logo_Herm%C3%A8s.svg/1280px-Logo_Herm%C3%A8s.svg.png,2026,Luxe,,"18,45","1609,50","2052,00","1920,80","-0,22","37,65","0,29","1,62","26,00","43,07","22,22","77,95","104,84","47,83","22,60","49,45","40,62",,"16,00",EPA:RMS,"18,57","12,84","3,73",,,,,,,,,Column 15,Entreprise,Colonne 1,secteur,Logo,Perf / ans,Prix actuel,Prix juste,Prix cible ,Dividende %,Valeur %,Per,Dette/EBITDA,ROIC,Marge opé,,,,,,,
HERMES,,2025,,,,,,,,,"0,31",,,"43,07","22,22","71,00","105,57","49,27","22,60","41,05","40,62",,"16,00",,,,,,,,,,,,,,,,,,,,,,,,,,,,,,,,,,
HERMES,,2024,,,,,,,,,"0,31",,"26,00","43,87","20,72","66,74","104,84","52,93","25,47","40,82","40,33","59,19","15,17",,,,,,,,,,,,,,,,,,,,,,,,,,,,,,,,,,
HERMES,,2023,,,,,,,,,"0,32",,"25,00","41,12","19,65","61,15","104,73","46,66","27,75","12,79","35,25","60,69","13,43",,,,,,,,,,,,,,,,,,,,,,,,,,,,,,,,,,
HERMES,,2022,,,,,,,,,"0,35",,"13,00","32,09","18,43","52,25","104,54","45,04","26,87","42,03","36,57","40,37","11,60",,,,,,,,,,,,,,,,,,,,,,,,,,,,,,,,,,
HERMES,,2021,,,,,,,,,"0,43",,"8,00","23,30","17,17","39,58","104,64","65,94","24,71","40,01","29,03","34,23","9,98",,,,,,,,,,,,,,,,,,,,,,,,,,,,,,,,,,
HERMES,,2020,,,,,,,,,"0,66",,"4,55","13,21","16,07","24,46","104,60","66,59","16,96","32,17","12,62","34,30","6,36",,,,,,,,,,,,,,,,,,,,,,,,,,,,,,,,,,
HERMES,,2019,,,,,,,,,"0,41",,"4,55","14,55","10,87","26,75","104,21","45,80","23,47","34,39","16,58","31,03","6,88",,,,,,,,,,,,,,,,,,,,,,,,,,,,,,,,,,
HERMES,,2018,,,,,,,,,"0,46",,"4,55","12,98","11,12","24,33","104,25","36,18","24,45","35,96","15,78","33,74","5,97",,,,,,,,,,,,,,,,,,,,,,,,,,,,,,,,,,
ASML,https://upload.wikimedia.org/wikipedia/commons/6/6c/ASML_Holding_N.V._logo.svg,2026,Technologie,,"-1,73","1394,00","741,90","656,76","0,88","56,37","0,22",,,,"7,00","31,85","387,60","50,10","42,98","35,31","28,64",,"32,67",EPA:ASML,"18,44","11,48","4,36",,,,,,,,,,SANOFI,https://grapheine.com/wp-content/uploads/2011/05/sanofi_niou-2560x1102.webp,2026,Santé,,"17,70","74,16","139,84","92,94","-0,47","10,08","1,59","5,29","3,92",,"16,66","10,46","1,21","18,92","5,55","31,20"
ASML,,2025,,,,,,,,,"0,22",,"7,50","24,73","6,97","31,70",,"37,29","42,98","34,60","28,50","30,32","32,67",,,,,,,,,,,,,,RESMED,https://encrypted-tbn0.gstatic.com/images?q=tbn:ANd9GcRC7EOgqlfnxK3qaeQGEP3A3xI3hflPeWLkIw&s,2026,Santé,,"20,59","186,44","238,75","182,00","-0,22",#REF!,"0,41","1,14",,,"5,79","14,29","145,68","22,48","22,98","35,16"
ASML,,2024,,,,,,,,,"0,50",,"6,40","19,25","12,69","25,43","393,28","35,28","37,25","31,92","23,12","33,24","28,26",,,,,,,,,,,,,,NOVO NORDISK,https://companieslogo.com/img/orig/NVO_BIG-f838aae1.png?t=1720244493,2026,Santé,,"29,26","38,12","78,05","59,72","-0,51","11,23","0,87","4,09","1,56","3,08","3,93","4,50","3,37","12,22","37,51","40,32"
ASML,,2023,,,,,,,,,"0,49",,"6,10","19,91","12,33","24,94","393,42","34,27","51,00","32,81","8,34","30,64","27,56",,,,,,,,,,,,,,ZOETIS,https://upload.wikimedia.org/wikipedia/commons/thumb/0/0f/Zoetis_logo.svg/1280px-Zoetis_logo.svg.png,2026,Santé,,"28,21","77,56","158,85","129,54","-0,51","12,21","1,81","2,32","1,80",,"16,41","9,08","440,69","21,35","21,50","39,00"
ASML,,2022,,,,,,,,,"0,62",,"5,80","14,14","11,20","17,94","394,59","35,65","41,96","30,70","18,10","41,01","21,17",,,,,,,,,,,,,,,,,,,,,,,,,,,,,,,,,,
ASML,,2021,,,,,,,,,"0,68",,"5,50","14,36","11,56","17,03","402,60","49,30","35,66","35,12","24,23","38,31","18,61",,,,,,,,,,,,,,,,,,,,,,,,,,,,,,,,,,
ASML,,2020,,,,,,,,,"1,07",,"2,75","8,49","11,58","10,80","416,51","46,88","20,59","28,98","8,75","32,37","13,98",,,,,,,,,,,,,,,,,,,,,,,,,,,,,,,,,,
ASML,,2019,,,,,,,,,"1,03",,"2,40","6,16","7,87","7,66","419,81","42,89","16,93","23,61","5,95","38,96","11,82",,,,,,,,,,,,,,,,,,,,,,,,,,,,,,,,,,
ASML,,2018,,,,,,,,,,,,,,,,,,,,,,,,,,,,,,,,,,,,,,,,,,,,,,,,,,,,,,,
TSMC,https://upload.wikimedia.org/wikipedia/fr/6/6d/Logo_Taiwan_Semiconductor_Manufacturing_Company.svg,2026,Technologie,,"-1,58","435,63","188,82","175,53","1,31","41,53","0,40","0,53",,,"6,56","16,27","5,19","31,77","30,47","53,89","6,76",,"122,54",NYSE:TSM,"18,81","20,81","1,53",,,,,,,,,,,,,,,,,,,,,,,,,,,,,,
TSMC,,2025,,,,,,,,,"0,40",,"2,78","10,49","6,56","16,24","5,19","28,59","30,38","50,82","6,67","26,18","122,24",,,,,,,,,,,,,,,,,,,,,,,,,,,,,,,,,,
TSMC,,2024,,,,,,,,,"0,52",,"2,13","6,87","6,18","11,92","5,19","28,03","24,00","45,72","5,59","30,18","90,12",,,,,,,,,,,,,,,,,,,,,,,,,,,,,,,,,,
TSMC,,2023,,,,,,,,,"0,67",,"1,61","5,12","6,03","8,99","5,19","20,05","20,10","42,62","2,36","31,10","69,35",,,,,,,,,,,,,,,,,,,,,,,,,,,,,,,,,,
TSMC,,2022,,,,,,,,,"0,55",,"1,40","6,44","5,59","10,08","5,19","11,33","30,25","49,54","3,48","21,29","75,94",,,,,,,,,,,,,,,,,,,,,,,,,,,,,,,,,,
TSMC,,2021,,,,,,,,,"0,71",,"1,52","4,16","5,27","7,40","5,19","29,21","24,14","40,96","1,91","36,94","56,83",,,,,,,,,,,,,,,,,,,,,,,,,,,,,,,,,,
TSMC,,2020,,,,,,,,,"0,43",,"1,40","3,57","2,54","5,88","5,19","32,15","26,83","42,27","2,15","41,16","45,48",,,,,,,,,,,,,,,,,,,,,,,,,,,,,,,,,,
TSMC,,2019,,,,,,,,,"0,30",,"1,25","2,21","1,24","4,12","5,19","26,98","19,97","34,88","1,08","57,98","34,61",,,,,,,,,,,,,,,,,,,,,,,,,,,,,,,,,,
TSMC,,2018,,,,,,,,,,,,,,,,,,,,,,,,,,,,,,,,,,,,,,,,,,,,,,,,,,,,,,,
ATLAS COPCO,https://upload.wikimedia.org/wikipedia/commons/thumb/e/e7/Atlas-Copco-Logo.svg/1280px-Atlas-Copco-Logo.svg.png,2026,Industrie,,"-6,18","172,80","92,14","96,86","0,88","31,88","0,78","1,74",,,"7,15","9,17","3,31","29,46","18,61","19,57","5,79",,"168,34",STO:ATCO-A,"16,64","6,40","4,60",,,,,,,,,,,,,,,,,,,,,,,,,,,,,,
ATLAS COPCO,,2025,,,,,,,,,"0,78",,"5,00","5,42","7,15","9,18","3,31","30,63","18,61","21,05","5,79","92,14","168,34",,,,,,,,,,,,,,,,,,,,,,,,,,,,,,,,,,
ATLAS COPCO,,2024,,,,,,,,,"0,76",,"3,00","6,10","7,12","9,37","3,31","27,68","22,32","21,45","6,69","49,09","176,77",,,,,,,,,,,,,,,,,,,,,,,,,,,,,,,,,,
ATLAS COPCO,,2023,,,,,,,,,"0,72",,"2,80","5,75","6,70","9,30","3,31","30,20","24,91","22,28","4,94","48,64","172,66",,,,,,,,,,,,,,,,,,,,,,,,,,,,,,,,,,
ATLAS COPCO,,2022,,,,,,,,,"1,00",,"2,30","4,81","7,45","7,44","3,31","25,57","24,42","21,66","3,62","47,69","141,32",,,,,,,,,,,,,,,,,,,,,,,,,,,,,,,,,,
ATLAS COPCO,,2021,,,,,,,,,"0,87",,"1,88","3,64","5,10","5,86","3,31","42,13","22,19","21,40","4,33","50,58","110,91",,,,,,,,,,,,,,,,,,,,,,,,,,,,,,,,,,
ATLAS COPCO,,2020,,,,,,,,,"0,98",,"1,82","2,98","5,06","5,14","3,30","34,68","19,90","20,29","4,25","60,03","99,79",,,,,,,,,,,,,,,,,,,,,,,,,,,,,,,,,,
ATLAS COPCO,,2019,,,,,,,,,"0,87",,"1,75","3,33","4,86","5,58","3,31","27,49","25,33","21,65","2,98","51,46","103,76",,,,,,,,,,,,,,,,,,,,,,,,,,,,,,,,,,
ATLAS COPCO,,2018,,,,,,,,,,,,,,,,,,,,,,,,,,,,,,,,,,,,,,,,,,,,,,,,,,,,,,,
GTT,https://marine-oceans.com/wp-content/uploads/2022/09/gtt-new-logo.jpg,2026,Energie,,"-1,16","196,50","115,80","111,32","0,70",,"0,03","3,82","7,50","9,37","0,42","12,79","37,06","18,45","75,47","65,05","9,34",,"735,30",EPA:GTT,"18,07","12,48","1,48",,,,,,,,,,,,,,,,,,,,,,,,,,,,,,
GTT,,2025,,,,,,,,,#DIV/0!,,,,"0,39",,,,,,,,"641,39",,,,,,,,,,,,,,,,,,,,,,,,,,,,,,,,,,
GTT,,2024,,,,,,,,,"0,04",,"7,50","9,37","0,39","10,45","37,03","13,73","85,23","57,63","8,31","79,81","427,70",,,,,,,,,,,,,,,,,,,,,,,,,,,,,,,,,,
GTT,,2023,,,,,,,,,"0,04",,"4,36","5,43","0,22","6,21","36,95","22,09","66,50","51,35","4,81","79,98","307,29",,,,,,,,,,,,,,,,,,,,,,,,,,,,,,,,,,
GTT,,2022,,,,,,,,,"0,03",,"3,10","3,48","0,11","4,18","36,93","28,82","49,75","47,46","3,22","89,16","314,74",,,,,,,,,,,,,,,,,,,,,,,,,,,,,,,,,,
GTT,,2021,,,,,,,,,"0,03",,"3,10","3,62","0,12","4,48","36,89","22,74","53,44","50,34","5,30","85,38","396,37",,,,,,,,,,,,,,,,,,,,,,,,,,,,,,,,,,
GTT,,2020,,,,,,,,,"0,03",,"4,29","5,36","0,16","6,37","37,08","14,82","87,63","58,31","3,76","79,97","288,22",,,,,,,,,,,,,,,,,,,,,,,,,,,,,,,,,,
GTT,,2019,,,,,,,,,"0,01",,"3,25","3,87","0,06","4,57","37,08","22,16","74,31","57,63","3,21","84,03","245,99",,,,,,,,,,,,,,,,,,,,,,,,,,,,,,,,,,
GTT,,2018,,,,,,,,,"0,02",,"3,12","3,42","0,07","4,42","37,05","17,47","89,76","65,36","4,89","80,94",,,,,,,,,,,,,,,,,,,,,,,,,,,,,,,,,,,
DASSAULT SYSTHEME,https://encrypted-tbn0.gstatic.com/images?q=tbn:ANd9GcRDeTly8WOXa0bteahMGwDIw3zpUMEdxechqQ&s,2026,Technologie,,"16,04","20,26","18,00","21,70","0,13",,"1,34","1,28","0,26",,"1,95","1,46","1,32","20,09","11,11","31,29","1,11",,"6,24",EPA:DSY,"16,22","18,82","1,07",,,,,,,,,,,,,,,,,,,,,,,,,,,,,,
DASSAULT SYSTHEME,,2025,,,,,,,,,"1,34",,,"1,31","1,95","1,46",,"26,48","11,11","22,47","1,11",,"6,24",,,,,,,,,,,,,,,,,,,,,,,,,,,,,,,,,,
DASSAULT SYSTHEME,,2024,,,,,,,,,"1,58",,"0,26","1,28","2,30","1,46","1,31","37,22","10,91","22,12","1,10","28,45","6,21",,,,,,,,,,,,,,,,,,,,,,,,,,,,,,,,,,
DASSAULT SYSTHEME,,2023,,,,,,,,,"1,92",,"0,23","1,20","2,69","1,40","1,31","56,27","10,03","21,81","1,06","28,78","5,95",,,,,,,,,,,,,,,,,,,,,,,,,,,,,,,,,,
DASSAULT SYSTHEME,,2022,,,,,,,,,"1,85",,"0,21","1,13","2,68","1,45","1,31","47,92","9,21","23,28","1,05","29,59","5,67",,,,,,,,,,,,,,,,,,,,,,,,,,,,,,,,,,
DASSAULT SYSTHEME,,2021,,,,,,,,,"2,92",,"0,17","0,95","3,53","1,21","1,31","90,07","7,94","21,62","1,13","28,78","4,86",,,,,,,,,,,,,,,,,,,,,,,,,,,,,,,,,,
DASSAULT SYSTHEME,,2020,,,,,,,,,"3,62",,"0,11","0,75","3,66","1,01","1,31","89,40","4,86","16,30","0,84","29,71","4,45",,,,,,,,,,,,,,,,,,,,,,,,,,,,,,,,,,
DASSAULT SYSTHEME,,2019,,,,,,,,,"4,28",,"0,14","0,73","4,02","0,94","1,30","62,68","7,87","21,08","0,83","29,51","4,02",,,,,,,,,,,,,,,,,,,,,,,,,,,,,,,,,,
DASSAULT SYSTHEME,,2018,,,,,,,,,#DIV/0!,,,,,,,,,,,,,,,,,,,,,,,,,,,,,,,,,,,,,,,,,,,,,,
DASSAULT AVIATION,https://upload.wikimedia.org/wikipedia/fr/d/d0/Logo_Dassault_Aviation_2020.svg,,Défense ,,"0,00","291,20","180,00","163,00","0,62","29,12","0,03","0,79",,,,,,,"12,56","0,08",,,,EPA:AM,"8,47","6,12","0,00",,,,,,,,,,,,,,,,,,,,,,,,,,,,,,
VINCI,https://upload.wikimedia.org/wikipedia/fr/thumb/4/4c/Logo_Vinci.svg/1280px-Logo_Vinci.svg.png,2026,Industrie,,"-2,32","123,35","86,50","60,55","0,43",,"2,95","4,05",,,"69,02","23,37","556,41","14,38","7,92","13,10","14,14",,"75,37",EPA:DG,"7,92","6,12","2,35",,,,,,,,,Column 15,Entreprise,Colonne 1,secteur,Logo,Perf / ans,Prix actuel,Prix juste,Prix cible ,Dividende %,Valeur %,Per,Dette/EBITDA,ROIC,Marge opé,,,,,,,
VINCI,,2025,,,,,,,,,"2,95",,"5,00","8,65","68,97","23,35","555,97","13,88","7,92","11,99","14,13","57,11","75,37",,,,,,,,,,,,,,,,,,,,,,,,,,,,,,,,,,
VINCI,,2024,,,,,,,,,"2,98",,"4,75","8,43","65,03","21,83","562,42","11,83","8,34","11,86","13,29","55,69","72,46",,,,,,,,,,,,,,,,,,,,,,,,,,,,,,,,,,
VINCI,,2023,,,,,,,,,"2,81",,"4,50","8,18","57,44","20,45","570,81","13,91","8,81","11,44","12,53","54,38","69,62",,,,,,,,,,,,,,,,,,,,,,,,,,,,,,,,,,
VINCI,,2022,,,,,,,,,"3,22",,"4,00","7,47","56,27","17,48","563,60","12,50","8,47","10,21","10,32","53,00","62,27",,,,,,,,,,,,,,,,,,,,,,,,,,,,,,,,,,
VINCI,,2021,,,,,,,,,"4,32",,"2,90","4,51","57,02","13,20","567,58","20,60","5,28","8,77","9,97","63,60","49,98",,,,,,,,,,,,,,,,,,,,,,,,,,,,,,,,,,
VINCI,,2020,,,,,,,,,"5,63",,"2,04","2,20","57,72","10,26","562,06","26,89","2,56","5,93","8,02","91,58","43,93",,,,,,,,,,,,,,,,,,,,,,,,,,,,,,,,,,
VINCI,,2019,,,,,,,,,"3,83",,"2,04","5,82","57,91","15,11","554,75","17,02","7,50","11,14","8,38","34,70","48,75",,,,,,,,,,,,,,,,,,,,,,,,,,,,,,,,,,
VINCI,,2018,,,,,,,,,,,,,,,,,,,,,,,,,,,,,,,,,,,,,,,,,,,,,,,,,,,,,,,
ESSILORLUXOTTICA,https://upload.wikimedia.org/wikipedia/fr/thumb/4/45/Essilorluxottica_Logo.svg/960px-Essilorluxottica_Logo.svg.png,2026,Consommation de base,,"-3,95","172,80","128,25","138,30","0,35","34,70","2,23",,,,"30,72","13,76","463,19","42,31","4,70","9,45","8,66",,,EPA:EL,"7,38","2,55","16,56",,,,,,,,,,COVIVIO,https://upload.wikimedia.org/wikipedia/commons/e/ea/Covivio_LOGO.jpg,,Immobilier,,"-6,96","55,20","30,16","39,56","0,83","14,64","1,07","4,65",,,,,,,"2,37","0,51"
ESSILORLUXOTTICA,,2025,,,,,,,,,"2,20",,"4,00","4,98","30,99","14,08","463,19","54,18","4,70","12,11","8,74","79,31","63,90",,,,,,,,,,,,,,GECINA,https://storage.googleapis.com/endurance-apps-liip/media/cache/gecina_no_filter_grid_fs/5cac58d280564a4fcd3ceb5d,,Immobilier,,"1,61","72,75","61,74","64,20","0,18","10,60","11,00","7,72",,,,,,,"3,25","0,59"
ESSILORLUXOTTICA,,2024,,,,,,,,,"2,05",,"3,95","5,13","28,73","14,00","456,71","45,94","4,85","12,80","8,03","76,01","64,28",,,,,,,,,,,,,,,,,,,,,,,,,,,,,,,,,,
ESSILORLUXOTTICA,,2023,,,,,,,,,"1,87",,"3,95","5,08","25,86","13,85","452,03","35,76","4,83","12,98","7,39","77,32","60,52",,,,,,,,,,,,,,,,,,,,,,,,,,,,,,,,,,
ESSILORLUXOTTICA,,2022,,,,,,,,,"1,98",,"3,23","4,83","27,38","13,86","445,33","35,04","4,58","13,30","7,21","66,35","60,56",,,,,,,,,,,,,,,,,,,,,,,,,,,,,,,,,,
ESSILORLUXOTTICA,,2021,,,,,,,,,"2,62",,"2,51","4,62","29,22","11,14","441,06","57,60","3,25","12,99","7,89","76,07","59,41",,,,,,,,,,,,,,,,,,,,,,,,,,,,,,,,,,
ESSILORLUXOTTICA,,2020,,,,,,,,,"4,14",,"2,23","1,79","27,10","6,55","437,02","658,83","0,20","4,98","5,24",,"52,32",,,,,,,,,,,,,,,,,,,,,,,,,,,,,,,,,,
ESSILORLUXOTTICA,,2019,,,,,,,,,"2,24",,"0,00","4,46","21,34","9,54","436,78","55,62","2,74","12,01","5,83","0,00","52,58",,,,,,,,,,,,,,,,,,,,,,,,,,,,,,,,,,
ESSILORLUXOTTICA,,2018,,,,,,,,,,,,,,,,,,,,,,,,,,,,,,,,,,,,,,,,,,,,,,,,,,,,,,,
PERNOD RICARD,https://upload.wikimedia.org/wikipedia/commons/6/6d/Pernod_Ricard_Logo.png,2026,Consommation discrétionnaire,,"18,59","61,80","129,00","82,65","-0,52","9,58","3,73","7,61","4,70","7,26","49,90","13,37","251,66","12,53","6,12","20,20","4,44",,"251,66",EPA:RI,"7,39","2,36","5,32",,,,,,,,,,,,,,,,,,,,,,,,,,,,,,
PERNOD RICARD,,2025,,,,,,,,,"3,73",,"4,70","7,26","49,95","13,38","251,66","13,11","6,12","26,93","4,45","72,70","251,66",,,,,,,,,,,,,,,,,,,,,,,,,,,,,,,,,,
PERNOD RICARD,,2024,,,,,,,,,"3,83",,"4,70","7,90","53,79","14,05","251,30","21,73","5,56","16,87","3,77","80,43","251,30",,,,,,,,,,,,,,,,,,,,,,,,,,,,,,,,,,
PERNOD RICARD,,2023,,,,,,,,,"3,15",,"4,70","9,11","46,21","14,66","254,27","22,99","8,75","27,59","5,18","53,20","254,27",,,,,,,,,,,,,,,,,,,,,,,,,,,,,,,,,,
PERNOD RICARD,,2022,,,,,,,,,"3,28",,"4,12","8,18","43,02","13,11","256,93","22,81","8,01","28,26","6,88","53,47","256,93",,,,,,,,,,,,,,,,,,,,,,,,,,,,,,,,,,
PERNOD RICARD,,2021,,,,,,,,,"3,44",,"3,12","6,16","36,69","10,67","260,87","37,51","5,52","27,46","5,99","62,35","260,87",,,,,,,,,,,,,,,,,,,,,,,,,,,,,,,,,,
PERNOD RICARD,,2020,,,,,,,,,"3,99",,"2,66","5,45","39,45","9,89","260,67","112,40","1,46","26,76","3,09","212,53","260,67",,,,,,,,,,,,,,,,,,,,,,,,,,,,,,,,,,
PERNOD RICARD,,2019,,,,,,,,,"2,69",,"3,12","6,23","28,46","10,58","263,83","29,56","6,55","28,11","4,95","56,65","263,83",,,,,,,,,,,,,,,,,,,,,,,,,,,,,,,,,,
PERNOD RICARD,,2018,,,,,,,,,,,,,,,,,,,,,,,,,,,,,,,,,,,,,,,,,,,,,,,,,,,,,,,
FDJU,https://upload.wikimedia.org/wikipedia/commons/thumb/0/03/Logo_Groupe_FDJ.svg/1280px-Logo_Groupe_FDJ.svg.png,2026,Consommation discrétionnaire,,"28,91","22,86","47,34","31,69","-0,52","8,69",,"8,97","2,05",,,,"184,76",,"5,44","16,34",,,"3,68",EPA:FDJU,"9,72","14,50","0,00",,,,,,,,,,,,,,,,,,,,,,,,,,,,,,
FDJU,,2025,,,,,,,#DIV/0!,,,,,"2,63",,,,,"5,44","15,38",,,"3,68",,,,,,,,,,,,,,,,,,,,,,,,,,,,,,,,,,
FDJU,,2024,,,,,,,"4,28",,"4,28",,"2,05","2,64","13,15","3,07","184,78","17,24","16,45","18,52","2,14","94,96","3,07",,,,,,,,,,,,,,,,,,,,,,,,,,,,,,,,,,
FDJU,,2023,,,,,,,"0,81",,"0,81",,"1,78","2,23","2,25","2,79","190,62","14,74","30,24","20,29","2,57","79,90","2,62",,,,,,,,,,,,,,,,,,,,,,,,,,,,,,,,,,
FDJU,,2022,,,,,,,"1,02",,"1,02",,"1,37","1,65","2,45","2,41","190,81","23,29","23,07","18,66","1,57","84,90","2,46",,,,,,,,,,,,,,,,,,,,,,,,,,,,,,,,,,
FDJU,,2021,,,,,,,"1,32",,"1,32",,"1,24","1,55","2,72","2,06","190,89","25,27","23,32","17,42","2,73","80,48","2,26",,,,,,,,,,,,,,,,,,,,,,,,,,,,,,,,,,
FDJU,,2020,,,,,,,"1,68",,"1,68",,"0,90","1,28","2,85","1,70","190,99","33,43","21,30","16,92","3,42","80,42","1,92",,,,,,,,,,,,,,,,,,,,,,,,,,,,,,,,,,
FDJU,,2019,,,,,,,"2,64",,"2,64",,"0,45","0,70","3,48","1,32","191,00","34,21","18,24","12,89","0,88","64,62","1,96",,,,,,,,,,,,,,,,,,,,,,,,,,,,,,,,,,
FDJU,,2018,,,,,,,"0,42",,,,,,"0,55","1,32",,,"26,56","13,94","0,70",,"1,80",,,,,,,,,,,,,,,,,,,,,,,,,,,,,,,,,,
BOUYGUES,https://encrypted-tbn0.gstatic.com/images?q=tbn:ANd9GcS2yMWz_gz1Sm0A3iWNPwKhNTnLNlCotAnmDA&s,2026,Industrie,,"-8,89","49,69","26,91","22,51","0,85","16,62","2,65",,,,"39,24","14,78","385,39","15,96","4,68","0,44","6,71",,"56,48",EPA:EN,"4,43","3,00","5,32",,,,,,,,,,,,,,,,,,,,,,,,,,,,,,
BOUYGUES,,2025,,,,,,,,,"3,00",,"2,10","2,99","39,40","13,12","384,23","14,90","4,44","3,33","6,89","70,34","56,88",,,,,,,,,,,,,,,,,,,,,,,,,,,,,,,,,,
BOUYGUES,,2024,,,,,,,,,"2,86",,"2,00","2,80","38,73","13,55","376,40","10,19","4,14","3,74","8,19","71,34","56,75",,,,,,,,,,,,,,,,,,,,,,,,,,,,,,,,,,
BOUYGUES,,2023,,,,,,,,,"2,99",,"1,90","2,77","39,19","13,10","378,15","12,33","4,05","3,61","6,22","68,65","56,02",,,,,,,,,,,,,,,,,,,,,,,,,,,,,,,,,,
BOUYGUES,,2022,,,,,,,,,"3,45",,"1,80","2,60","41,66","12,07","372,24","10,99","4,39","4,35","-0,03","70,52","44,32",,,,,,,,,,,,,,,,,,,,,,,,,,,,,,,,,,
BOUYGUES,,2021,,,,,,,,,"2,25",,"1,80","2,95","24,16","10,76","379,72","10,69","6,31","4,50","2,18","61,04","37,59",,,,,,,,,,,,,,,,,,,,,,,,,,,,,,,,,,
BOUYGUES,,2020,,,,,,,,,"2,33",,"1,70","1,84","20,87","8,97","380,73","18,39","4,17","3,52","3,94","92,87","34,69",,,,,,,,,,,,,,,,,,,,,,,,,,,,,,,,,,
BOUYGUES,,2019,,,,,,,,,"1,96",,"1,70","3,17","19,99","10,18","379,80","11,95","7,37","4,34","4,16","53,52","37,93",,,,,,,,,,,,,,,,,,,,,,,,,,,,,,,,,,
BOUYGUES,,2018,,,,,,,,,,,,,,,,,,,,,,,,,,,,,,,,,,,,,,,,,,,,,,,,,,,,,,,
MICHELIN,https://logo-marque.com/wp-content/uploads/2020/09/Michelin-Logo.png,2026,Industrie,,"-5,16","31,39","24,09","22,39","0,30",,"1,38","4,40","1,38",,"10,38","7,53","687,60",,,"8,99",,,"25,99",EPA:ML,"7,34","-0,66","0,00",,,,,,,,,,,,,,,,,,,,,,,,,,,,,,
MICHELIN,,2025,,,,,,,,,#DIV/0!,,,"2,36",,,,,,"9,10",,,"25,99",,,,,,,,,,,,,,,,,,,,,,,,,,,,,,,,,,
MICHELIN,,2024,,,,,,,,,"1,38",,"1,38","2,65","10,38","7,53","705,75","12,11","7,88","12,18","3,28","52,05","27,19",,,,,,,,,,,,,,,,,,,,,,,,,,,,,,,,,,
MICHELIN,,2023,,,,,,,,,"1,13",,"1,35","2,77","8,67","7,68","714,96","11,80","8,63","12,42","4,51","48,69","28,34",,,,,,,,,,,,,,,,,,,,,,,,,,,,,,,,,,
MICHELIN,,2022,,,,,,,,,"1,41",,"1,25","2,79","10,39","7,35","714,12","9,32","9,18","11,64","0,02","44,54","28,59",,,,,,,,,,,,,,,,,,,,,,,,,,,,,,,,,,
MICHELIN,,2021,,,,,,,,,"1,69",,"1,13","2,58","11,14","6,58","714,12","14,08","9,04","12,25","1,97","43,65","23,80",,,,,,,,,,,,,,,,,,,,,,,,,,,,,,,,,,
MICHELIN,,2020,,,,,,,,,"2,34",,"0,57","0,88","12,19","5,20","713,36","29,94","3,24","9,22","3,03","65,30","20,47",,,,,,,,,,,,,,,,,,,,,,,,,,,,,,,,,,
MICHELIN,,2019,,,,,,,,,"1,49",,"0,50","2,42","9,83","6,61","714,51","11,30","9,58","12,09","2,40","20,63","24,14",,,,,,,,,,,,,,,,,,,,,,,,,,,,,,,,,,
MICHELIN,,2018,,,,,,,,,,,,,,,,,,,,,,,,,,,,,,,,,,,,,,,,,,,,,,,,,,,,,,,
ACCOR,https://encrypted-tbn0.gstatic.com/images?q=tbn:ANd9GcS4lBM65RjpI6HB13jgQCIiJ0K4nFNboiF7uQ&s,2026,Consommation discrétionnaire,,"4,85","45,21","36,80","28,22","0,23","24,57","4,41",,,,"21,14","4,79","236,13","29,86","4,78","16,34","2,49",,"5,64",EPA:AC,"5,49","9,26","3,23",,,,,,,,,Column 15,Entreprise,Colonne 1,secteur,Logo,Perf / ans,Prix actuel,Prix juste,Prix cible ,Dividende %,Valeur %,Per,Dette/EBITDA,ROIC,Marge opé,,,,,,,
ACCOR,,2025,,,,,,,,,"4,41",,"1,35","1,84","21,49","4,87","234,71","30,85","4,78","15,43","2,53","86,16","5,64",,,,,,,,,,,,,,,,,,,,,,,,,,,,,,,,,,
ACCOR,,2024,,,,,,,,,"4,38",,"1,26","2,33","19,91","4,55","243,67","20,15","7,35","13,91","1,86","53,84","5,61",,,,,,,,,,,,,,,,,,,,,,,,,,,,,,,,,,
ACCOR,,2023,,,,,,,,,"4,36",,"1,18","2,22","16,48","3,78","252,29","15,61","7,63","14,32","1,63","52,99","5,06",,,,,,,,,,,,,,#REF!,,,,,,,,,,,,,,,,,,,,
ACCOR,,2022,,,,,,,,,"6,42",,"0,71","1,03","16,49","2,57","263,03","16,73","4,37","10,58","1,46","50,79","4,22",,,,,,,,,,,,,,#REF!,,,,,,,,,,,,,,,,,,,,
ACCOR,,2021,,,,,,,,,"0,00",,"0,00","-2,18","17,41","0,08","261,86","148,87","-0,39","-10,30","-1,31","0,00","2,20",,,,,,,,,,,,,,#REF!,,,,,,,,,,,,,,,,,,,,
ACCOR,,2020,,,,,,,,,"-12,44",,"0,00","-4,90","18,53","-1,49","261,38",,"-26,79","-41,02","-2,15","0,00","1,62",,,,,,,,,,,,,,#REF!,,,,,,,,,,,,,,,,,,,,
ACCOR,,2019,,,,,,,,,"4,28",,"0,00","0,99","13,57","3,17","270,93","26,89","4,22","13,19","1,76","0,00","4,05",,,,,,,,,,,,,,#REF!,,,,,,,,,,,,,,,,,,,,
ACCOR,,2018,,,,,,,,,,,,,,,,,,,,,,,,,,,,,,,,,,,#REF!,,,,,,,,,,,,,,,,,,,,
EDENRED,https://upload.wikimedia.org/wikipedia/commons/c/c1/Edenred_Logo_%28depuis_2017%29.png,2026,Consommation de base,,"25,75","23,28","47,40","31,71","-0,51",,"4,10","5,20","1,21",,"19,67","4,80","235,40","9,26","19,51","32,74","3,83",,"2,68",EPA:EDEN,"13,83","9,08","1,02",,,,,,,,,,#REF!,,,,,,,,,,,,,,,,,,,,
EDENRED,,2025,,,,,,,,,"4,09",,,"2,37","18,79","4,59","235,40","8,93","19,51","31,63","3,66",,,,,,,,,,,,,,,,LVMH,https://upload.wikimedia.org/wikipedia/commons/e/e0/LVMH-black.png,2026,Luxe,,"11,18","469,80","524,40","408,54","-0,10","21,50","1,49","2,77","13,00",,"73,08","48,96","496,39","24,63","11,59","21,20"
EDENRED,,2024,,,,,,,,,"4,46",,"1,21","2,07","17,98","4,03","240,06","15,82","17,65","30,39","2,99","58,54","2,61",,,,,,,,,,,,,,FERRARI,https://logo-marque.com/wp-content/uploads/2020/05/Ferrari-Logo.png,2026,Luxe,,"12,61","298,6","268,80","221,52","0,11","33,3","1,03","1,00","2,99","8,46","16,23","15,72","177,28","34,74","28,60","29,02"
EDENRED,,2023,,,,,,,,,"5,71",,"1,10","1,61","15,88","2,78","248,96","53,63","10,53","23,50","3,69","102,59","2,31",,,,,,,,,,,,,,HERMES,https://upload.wikimedia.org/wikipedia/fr/thumb/4/43/Logo_Herm%C3%A8s.svg/1280px-Logo_Herm%C3%A8s.svg.png,2026,Luxe,,"18,45","1609,5","2052,00","1920,80","-0,22","37,6","0,29","1,62","26,00","43,07","22,22","77,95","104,84","47,83","22,60","49,45"
EDENRED,,2022,,,,,,,,,"4,05",,"1,00","1,65","11,50","2,84","249,01","34,84","18,04","30,97","2,75","64,51","1,94",,,,,,,,,,,,,,,,,,,,,,,,,,,,,,,,,,
EDENRED,,2021,,,,,,,,,"5,54",,"0,90","1,39","13,25","2,39","248,54","34,09","15,94","31,33","1,02","71,23","1,58",,,,,,,,,,,,,,,,,,,,,,,,,,,,,,,,,,
EDENRED,,2020,,,,,,,,,"6,08",,"0,75","1,14","13,43","2,21","245,91","47,86","15,45","29,30","5,64","76,99","1,42",,,,,,,,,,,,,,,,,,,,,,,,,,,,,,,,,,
EDENRED,,2019,,,,,,,,,"4,70",,"0,70","1,39","12,18","2,59","242,07","35,83","31,84","32,17","3,12","54,02","1,57",,,,,,,,,,,,,,,,,,,,,,,,,,,,,,,,,,
EDENRED,,2018,,,,,,,,,"5,15",,"0,86","1,16","10,50","2,04","237,90","30,21","51,84","31,05","2,99","80,06","1,33",,,,,,,,,,,,,,,,,,,,,,,,,,,,,,,,,,
AIRBUS,https://upload.wikimedia.org/wikipedia/commons/c/cf/Logo_Airbus_2014.svg,2026,Industrie,,"-10,47","173,18","92,30","110,42","0,88","33,77","1,70","1,17",,,"18,02","10,58","787,23","26,62","16,03","7,91","5,59",,,EPA:AIR,"12,05","1,54","17,25",,,,,,,,,,,,,,,,,,,,,,,,,,,,,,
AIRBUS,,2025,,,,,,,,,"1,70",,,"6,89","18,02","10,58","787,23","30,05","16,03","7,13","5,59",,"134,94",,,,,,,,,,,,,,,,,,,,,,,,,,,,,,,,,,
AIRBUS,,2024,,,,,,,,,"1,86",,"2,00","5,05","18,05","9,68","787,96","28,93","14,63","6,94","4,97","37,33","129,21",,,,,,,,,,,,,,,,,,,,,,,,,,,,,,,,,,
AIRBUS,,2023,,,,,,,,,"2,09",,"1,80","5,60","17,21","8,24","787,42","29,13","14,72","6,52","4,25","37,47","118,87",,,,,,,,,,,,,,,,,,,,,,,,,,,,,,,,,,
AIRBUS,,2022,,,,,,,,,"1,60",,"1,80","5,40","16,21","10,11","787,56","20,59","18,41","8,94","4,98","33,36","115,94",,,,,,,,,,,,,,,,,,,,,,,,,,,,,,,,,,
AIRBUS,,2021,,,,,,,,,"2,10",,"1,50","4,75","19,14","9,11","785,63","20,96","19,56","9,27","3,55","27,96","113,58",,,,,,,,,,,,,,,,,,,,,,,,,,,,,,,,,,
AIRBUS,,2020,,,,,,,,,"4,89",,"0,00","1,38","21,83","4,46","783,72",,"-6,53","1,33","-9,17","0,00","110,09",,,,,,,,,,,,,,,,,,,,,,,,,,,,,,,,,,
AIRBUS,,2019,,,,,,,,,"2,57",,"0,00","5,81","13,06","5,08","782,31",,"-8,69","1,45","2,09","0,00","114,41",,,,,,,,,,,,,,,,,,,,,,,,,,,,,,,,,,
AIRBUS,,2018,,,,,,,,,,,,,,,,,,,,,,,,,,,,,,,,,,,,,,,,,,,,,,,,,,,,,,,
VEOLIA,https://upload.wikimedia.org/wikipedia/commons/thumb/4/48/Veolia_logo.svg/3840px-Veolia_logo.svg.png,2026,Service aux collectivités,,"10,65","34,13","35,15","24,06","-0,03","14,57","5,27","4,10","1,40","2,13","46,10","8,75","730,98","21,25","3,86","7,62","1,95",,"44,60",EPA:VIE,"3,13","10,00","2,13",,,,,,,,,,,,,,,,,,,,,,,,,,,,,,
VEOLIA,,2025,,,,,,,,,#DIV/0!,,,,,,,,,,,,,,,,,,,,,,,,,,,,,,,,,,,,,,,,,,,,,,
VEOLIA,,2024,,,,,,,,,"5,22",,"1,40","2,13","44,02","8,43","729,48","18,30","3,67","6,88","2,06","91,80","44,69",,,,,,,,,,,,,,,,,,,,,,,,,,,,,,,,,,
VEOLIA,,2023,,,,,,,,,"5,34",,"1,25","1,82","43,75","8,20","714,89","22,28","2,90","6,39","1,91","94,05","45,35",,,,,,,,,,,,,,,,,,,,,,,,,,,,,,,,,,
VEOLIA,,2022,,,,,,,,,"5,37",,"1,12","1,60","44,91","8,37","701,96","23,95","2,79","6,74","1,20","107,69","42,89",,,,,,,,,,,,,,,,,,,,,,,,,,,,,,,,,,
VEOLIA,,2021,,,,,,,,,"6,25",,"1,00","1,45","38,02","6,08","687,33","49,31","1,90","5,74","2,08","146,65","28,51",,,,,,,,,,,,,,,,,,,,,,,,,,,,,,,,,,
VEOLIA,,2020,,,,,,,,,"6,99",,"0,67","0,69","36,47","5,22","586,80","130,71","0,60","4,33","1,31","437,41","26,01",,,,,,,,,,,,,,,,,,,,,,,,,,,,,,,,,,
VEOLIA,,2019,,,,,,,,,"4,68",,"0,48","1,03","28,33","6,05","575,43","22,15","4,52","5,67","1,80","44,67","27,19",,,,,,,,,,,,,,,,,,,,,,,,,,,,,,,,,,
VEOLIA,,2018,,,,,,,,,"4,67",,"0,89","0,73","27,33","5,85","573,64","27,63","2,48","5,70","1,78","135,49","25,95",,,,,,,,,,,,,,,,,,,,,,,,,,,,,,,,,,
THALES,https://encrypted-tbn0.gstatic.com/images?q=tbn:ANd9GcR1DeqGkIPpvSzlDjJLobcHF0WQKLw9HoY74Q&s,2026,Défense ,,"-6,41","230,00","130,08","135,03","0,77","28,29","1,85",,,,"29,78","16,06","205,52","29,46","13,93","10,66","12,70",,"22,14",EPA:HO,"11,65","4,89","6,03",,,,,,,,,,,,,,,,,,,,,,,,,,,,,,
THALES,,2025,,,,,,,,,"1,85",,"3,90","8,13","29,77","16,06","205,48","28,25","13,93","10,02","12,70","47,86","22,14",,,,,,,,,,,,,,,,,,,,,,,,,,,,,,,,,,
THALES,,2024,,,,,,,,,"2,63",,"3,70","6,89","37,97","14,43","205,31","27,56","8,18","8,83","10,18","73,36","20,58",,,,,,,,,,,,,,,,,,,,,,,,,,,,,,,,,,
THALES,,2023,,,,,,,,,"3,13",,"3,40","8,48","40,32","12,90","209,87","27,38","8,00","8,97","5,05","69,27","18,43",,,,,,,,,,,,,,,,,,,,,,,,,,,,,,,,,,
THALES,,2022,,,,,,,,,"2,19",,"2,94","7,35","25,77","11,78","210,13","22,61","9,99","8,21","11,73","55,58","17,57",,,,,,,,,,,,,,,,,,,,,,,,,,,,,,,,,,
THALES,,2021,,,,,,,,,"2,58",,"2,56","6,39","27,79","10,78","212,92","14,64","9,06","7,63","9,42","50,05","16,19",,,,,,,,,,,,,,,,,,,,,,,,,,,,,,,,,,
THALES,,2020,,,,,,,,,"3,75",,"1,76","4,40","35,69","9,51","212,87","32,99","4,39","5,85","4,41","77,44","15,37",,,,,,,,,,,,,,,,,,,,,,,,,,,,,,,,,,
THALES,,2019,,,,,,,,,"2,49",,"0,60","6,61","29,45","11,82","212,76","17,57","12,56","7,64","6,56","11,36","18,4",,,,,,,,,,,,,,,,,,,,,,,,,,,,,,,,,,
THALES,,2018,,,,,,,,,,,,,,,,,,,,,,,,,,,,,,,,,,,,,,,,,,,,,,,,,,,,,,,
SAP,https://encrypted-tbn0.gstatic.com/images?q=tbn:ANd9GcQOkLzg9c239zsnsdGcT7YaRsbXfPkBjQRhow&s,2026,Technologie,,"-7,70","167,90","101,69","105,68","0,65",,"0,70","1,40","2,35","6,15","6,89","9,90","1,14","27,18","14,24","27,63","7,05",,"36,80",ETR:SAP,"16,82",,#DIV/0!,,,,,,,,,,,,,,,,,,,,,,,,,,,,,,
SAP,,2025,,,,,,,,,"0,70",,,,"6,87","9,88",,"33,41","14,24","27,97","7,03",,"36,80",,,,,,,,,,,,,,,,,,,,,,,,,,,,,,,,,,
SAP,,2024,,,,,,,,,"1,12",,"2,35","4,53","9,03","8,08","1,17","89,25","6,09","24,14","3,75","87,71","34,18",,,,,,,,,,,,,Column 15,Entreprise,Colonne 1,secteur,Logo,Perf / ans,Prix actuel,Prix juste,Prix cible ,Dividende %,Valeur %,Per,Dette/EBITDA,ROIC,Marge opé,,,,,,,
SAP,,2023,,,,,,,,,"1,11",,"2,20","5,01","7,45","6,74","1,17","63,87","7,31","21,10","4,70","99,63","31,21",,,,,,,,,,,,,,,,,,,,,,,,,,,,,,,,,,
SAP,,2022,,,,,,,,,"1,59",,"2,05","4,08","11,13","6,99","1,17","49,59","6,64","22,52","4,06","105,02","29,52",,,,,,,,,,,,,,,,,,,,,,,,,,,,,,,,,,
SAP,,2021,,,,,,,,,"2,12",,"1,95","6,74","12,84","6,07","1,18","28,04","11,28","19,37","4,60","43,78","27,84",,,,,,,,,,,,,,,,,,,,,,,,,,,,,,,,,,
SAP,,2020,,,,,,,,,"1,72",,"1,85","5,41","13,08","7,62","1,18","24,63","11,83","26,26","5,40","42,50","27,34",,,,,,,,,,,,,,,,,,,,,,,,,,,,,,,,,,
SAP,,2019,,,,,,,,,"2,12",,"1,58","5,11","13,25","6,24","1,19","43,26","8,00","20,27","2,24","56,81","27,55",,,,,,,,,,,,,,,,,,,,,,,,,,,,,,,,,,
SAP,,2018,,,,,,,,,,,,,,,,,,,,,,,,,,,,,,,,,,,,,,,,,,,,,,,,,,,,,,,
COPART,https://encrypted-tbn0.gstatic.com/images?q=tbn:ANd9GcS3jjH4eumeKJvu3hnjuD-1Ic_paBFKDMtRvA&s,2026,Industrie,,"25,47","32,32","47,70","36,58","-0,32","20,33","0,05","0,00",,"1,59","0,10","1,98","968,02","24,46","18,04","37,29","1,45","0,00","4,66",NASDAQ:CPRT,"17,42","16,08","1,52",,,,,,,,,,,,,,,,,,,,,,,,,,,,,,
COPART,,2025,,,,,,,,,"0,06",,,"1,59","0,11","1,96","967,48","28,54","18,38","36,51","1,26","0,00","4,65",,,,,,,,,,,,,,,,,,,,,,,,,,,,,,,,,,
COPART,,2024,,,,,,,,,"0,07",,,"1,40","0,12","1,81","962,97","37,42","19,89","37,10","0,99","0,00","4,24",,,,,,,,,,,,,,#REF!,,,,,,,,,,,,,,,,,,,,
COPART,,2023,,,,,,,,,"0,07",,,"1,26","0,12","1,70","957,34","34,52","22,90","38,42","0,88","0,00","3,87",,,,,,,,,,,,,,#REF!,,,,,,,,,,,,,,,,,,,,
COPART,,2022,,,,,,,,,"0,08",,,"1,11","0,12","1,57","952,16","28,34","24,92","39,28","0,87","0,00","3,50",,,,,,,,,,,,,,#REF!,,,,,,,,,,,,,,,,,,,,
COPART,,2021,,,,,,,,,"0,41",,,"0,93","0,54","1,31","948,06","37,72","26,73","42,21","0,55","0,00","2,69",,,,,,,,,,,,,,#REF!,,,,,,,,,,,,,,,,,,,,
COPART,,2020,,,,,,,,,"0,56",,,"0,64","0,54","0,96","941,26","31,80","27,12","37,00","0,34","0,00","2,21",,,,,,,,,,,,,,#REF!,,,,,,,,,,,,,,,,,,,,
COPART,,2019,,,,,,,,,"0,51",,,"0,56","0,42","0,83","919,16","31,51","28,46","35,09","0,28","0,00","2,04",,,,,,,,,,,,,,#REF!,,,,,,,,,,,,,,,,,,,,
COPART,,2018,,,,,,,,,#DIV/0!,,,,,,,,,,,,,,,,,,,,,,,,,,#REF!,,,,,,,,,,,,,,,,,,,,
CHIPOTLE MEXICAN GRILL,https://upload.wikimedia.org/wikipedia/en/3/3b/Chipotle_Mexican_Grill_logo.svg,2026,Consommation de base,,"37,52","30,55","40,72","34,29","-0,25",,"2,14","0,00","0,00",,"3,85","1,80","1,30","31,35","19,79","20,31","1,10","0,00","11,93",NYSE:CMG,"15,39","29,84","1,05",,,,,,,,,,#REF!,,,,,,,,,,,,,,,,,,,,
CHIPOTLE MEXICAN GRILL,,2025,,,,,,,,,"2,14",,"0,00","1,17","3,78","1,77","1,30","32,35","1,79","22,35","1,08","0,00","11,93",,,,,,,,,,,,,,VERALLIA,https://upload.wikimedia.org/wikipedia/fr/0/07/Logo_verallia.jpg,2026,Industrie,,"13,34","19,74","25,79","22,81","-0,23","9,19","3,32","8,61","1,70",,"19,03","5,73","117,83","24,00","3,24","9,16"
CHIPOTLE MEXICAN GRILL,,2024,,,,,,,,,"1,96",,"0,00","1,12","3,30","1,68","1,36","54,10","20,75","23,71","1,10","0,00","11,93",,,,,,,,,,,,,,SCHNEIDER ELECTRIC,https://companieslogo.com/img/orig/SU.PA_BIG-8cd10b23.png?t=1720244494,2026,Industrie,,"3,81","276,2","188,98","170,87","0,46","32,2","2,20","1,41","3,90","8,59","31,56","14,34","562,22","32,84","10,20","15,14"
CHIPOTLE MEXICAN GRILL,,2023,,,,,,,,,"2,07",,"0,00","0,90","2,92","1,41","1,37","51,57","19,31","22,96","0,88","0,00","9,87",,,,,,,,,,,,,,ATLAS COPCO,https://upload.wikimedia.org/wikipedia/commons/thumb/e/e7/Atlas-Copco-Logo.svg/1280px-Atlas-Copco-Logo.svg.png,2026,Industrie,,"-6,18","172,8","92,14","96,86","0,88","31,9","0,78","1,74",,,"7,15","9,17","3,31","29,46","18,61","19,57"
CHIPOTLE MEXICAN GRILL,,2022,,,,,,,,,"2,46",,"0,00","0,66","2,66","1,08","1,38","43,30","15,69","20,56","0,60","0,00","8,63",,,,,,,,,,,,,,VINCI,https://upload.wikimedia.org/wikipedia/fr/thumb/4/4c/Logo_Vinci.svg/1280px-Logo_Vinci.svg.png,2026,Industrie,,"-2,32","123,4","86,50","60,55","0,43",,"2,95","4,05",,,"69,02","23,37","556,41","14,38","7,92","13,10"
CHIPOTLE MEXICAN GRILL,,2021,,,,,,,,,"3,13",,"0,00","0,51","2,47","0,79","1,40","76,33","12,35","19,24","0,59","0,00","7,55",,,,,,,,,,,,,,BOUYGUES,https://encrypted-tbn0.gstatic.com/images?q=tbn:ANd9GcS2yMWz_gz1Sm0A3iWNPwKhNTnLNlCotAnmDA&s,2026,Industrie,,"-8,89","49,7","26,91","22,51","0,85","16,6","2,65",,,,"39,24","14,78","385,39","15,96","4,68","0,44"
CHIPOTLE MEXICAN GRILL,,2020,,,,,,,,,"3,96",,"0,00","0,21","2,22","0,56","1,40","110,76","7,62","13,41","0,20","0,00","5,98",,,,,,,,,,,,,,MICHELIN,https://logo-marque.com/wp-content/uploads/2020/09/Michelin-Logo.png,2026,Industrie,,"-5,16","31,4","24,09","22,39","0,30",,"1,38","4,40","1,38",,"10,38","7,53","687,60",,,"8,99"
CHIPOTLE MEXICAN GRILL,,2019,,,,,,,,,"3,31",,"0,00","0,28","2,02","0,61","1,39","67,65","12,06","16,64","0,27","0,00","5,59",,,,,,,,,,,,,,AIRBUS,https://upload.wikimedia.org/wikipedia/commons/c/cf/Logo_Airbus_2014.svg,2026,Industrie,,"-10,47","173,2","92,30","110,42","0,88","33,8","1,70","1,17",,,"18,02","10,58","787,23","26,62","16,03","7,91"
CHIPOTLE MEXICAN GRILL,,2018,,,,,,,,,#DIV/0!,,,,,,,,,,,,,,,,,,,,,,,,,,COPART,https://encrypted-tbn0.gstatic.com/images?q=tbn:ANd9GcS3jjH4eumeKJvu3hnjuD-1Ic_paBFKDMtRvA&s,2026,Industrie,,"25,47","32,3","47,70","36,58","-0,32","20,3","0,05","0,00",,"1,59","0,10","1,98","968,02","24,46","18,04","37,29"
DOMINOS,https://encrypted-tbn0.gstatic.com/images?q=tbn:ANd9GcQFQZlOOnAaQivL0gqf0bXs--rRveNHulbo_A&s,2026,Consommation de base,,"18,88","313,71","456,82","357,73","-0,31","17,85","4,85","1,93","6,04",,"148,46","30,64","33,63","22,72","105,67","19,32","19,77",,"4,94",NASDAQ:DPZ,"11,51","10,27","2,21",,,,,,,,,,,,,,,,,,,,,,,,,,,,,,
DOMINOS,,2025,,,,,,,,,"4,83",,"6,96","17,57","147,45","30,53","33,62","24,21","105,67","19,27","19,61","39,60","4,94",,,,,,,,,,,,,,,,,,,,,,,,,,,,,,,,,,
DOMINOS,,2024,,,,,,,,,"5,37",,"6,04","16,69","148,53","27,68","34,28","25,73","107,33","18,71","14,63","33,01","4,71",,,,,,,,,,,,,,,,,,,,,,,,,,,,,,,,,,
DOMINOS,,2023,,,,,,,,,"5,78",,"4,84","14,66","147,15","25,47","34,72","28,11","51,48","18,33","13,71","36,18","4,48",,,,,,,,,,,,,,,,,,,,,,,,,,,,,,,,,,
DOMINOS,,2022,,,,,,,,,"6,34",,"4,40","12,53","145,52","22,96","35,42","27,65","46,07","16,50","10,75","33,01","4,54",,,,,,,,,,,,,,,,,,,,,,,,,,,,,,,,,,
DOMINOS,,2021,,,,,,,,,"6,19",,"3,76","13,60","140,40","22,67","36,14","41,67","50,86","17,94","14,86","35,12","4,36",,,,,,,,,,,,,,,,,,,,,,,,,,,,,,,,,,
DOMINOS,,2020,,,,,,,,,"5,49",,"3,12","12,39","109,91","20,02","38,87","30,94","52,38","17,69","12,71","27,76","4,12",,,,,,,,,,,,,,,,,,,,,,,,,,,,,,,,,,
DOMINOS,,2019,,,,,,,,,"6,31",,"2,60","9,57","103,77","16,45","38,97","30,58","61,00","17,40","9,81","25,17","3,62",,,,,,,,,,,,,,,,,,,,,,,,,,,,,,,,,,
DOMINOS,,2018,,,,,,,,,"5,70",,"2,20","8,42","81,50","14,30","40,97","29,92","85,99","16,48","6,33","27,20","3,43",,,,,,,,,,,,,,,,,,,,,,,,,,,,,,,,,,
COSTCO,https://upload.wikimedia.org/wikipedia/commons/thumb/5/59/Costco_Wholesale_logo_2010-10-26.svg/1280px-Costco_Wholesale_logo_2010-10-26.svg.png,,Consommation de base,,"3,58","946,11","637,35","539,94","0,48","51,96","0,27","0,52",,,,,,,"30,32","0,04",,,,BCBA:COSTC,"11,55","12,09",,,,,,,,,,,,,,,,,,,,,,,,,,,,,,,
IBERDROLA,https://upload.wikimedia.org/wikipedia/commons/thumb/6/6c/Logo_Iberdrola_%282023%29.svg/3840px-Logo_Iberdrola_%282023%29.svg.png,2026,Service aux collectivités,,"-4,96","19,36","8,70","8,17","1,23","23,05","3,63","2,69","0,52","0,87","8,97","2,47","6,56","23,80","5,96","24,28",,,"45,49",BME:IBE,"8,49","12,31","1,93",,,,,,,,,,,,,,,,,,,,,,,,,,,,,,
IBERDROLA,,2025,,,,,,,,,#DIV/0!,,,,,,,,,,,,,,,,,,,,,,,,,,,,,,,,,,,,,,,,,,,,,,
IBERDROLA,,2024,,,,,,,,,"3,58",,"0,52",,"8,87","2,48","6,18","15,30","6,50","24,59","0,30","59,49","44,32",,,,,,,,,,,,,,,,,,,,,,,,,,,,,,,,,,
IBERDROLA,,2023,,,,,,,,,"3,75",,"0,45","0,76","7,92","2,11","6,22","15,94","5,94","17,99","0,38","59,98","49,15",,,,,,,,,,,,,,,,,,,,,,,,,,,,,,,,,,
IBERDROLA,,2022,,,,,,,,,"3,85",,"0,40","0,66","7,39","1,92","6,18","16,81","5,71","14,95","0,37","61,65","53,98",,,,,,,,,,,,,,,,,,,,,,,,,,,,,,,,,,
IBERDROLA,,2021,,,,,,,,,"3,78",,"0,36","0,58","6,80","1,80","6,18","17,29","5,50","18,99","0,13","59,61","39,11",,,,,,,,,,,,,,,,,,,,,,,,,,,,,,,,,,
IBERDROLA,,2020,,,,,,,,,"4,18",,"0,34","0,55","6,23","1,49","6,15","20,89","5,27","17,00","0,31","60,93","33,15",,,,,,,,,,,,,,,,,,,,,,,,,,,,,,,,,,
IBERDROLA,,2019,,,,,,,,,"4,12",,"0,32","0,54","6,06","1,47","6,19","17,72","5,09","16,19","0,10","62,39","36,44",,,,,,,,,,,,,,,,,,,,,,,,,,,,,,,,,,
IBERDROLA,,2018,,,,,,,,,"4,39",,"0,28","0,47","6,01","1,37","6,24","15,03","4,52","15,00","0,22","60,91","35,08",,,,,,,,,,,,,,,,,,,,,,,,,,,,,,,,,,
SANOFI,https://grapheine.com/wp-content/uploads/2011/05/sanofi_niou-2560x1102.webp,2026,Santé,,"17,70","74,16","139,84","92,94","-0,47","10,08","1,59","5,29","3,92",,"16,66","10,46","1,21","18,92","5,55","31,20",,,"43,63",EPA:SAN,"13,76","3,68","5,14",,,,,,,,,,,,,,,,,,,,,,,,,,,,,,
SANOFI,,2025,,,,,,,,,#DIV/0!,,,,"16,66",,,"19,49","5,55","32,67",,,"43,63",,,,,,,,,,,,,,,,,,,,,,,,,,,,,,,,,,
SANOFI,,2024,,,,,,,,,"1,36",,"3,92",,"14,26","10,46","1,25","21,18","6,07","23,14","5,85","88,23","41,08",,,,,,,,,,,,,,,,,,,,,,,,,,,,,,,,,,
SANOFI,,2023,,,,,,,,,"1,50",,"3,76",,"14,66","9,76","1,25","20,88","5,57","20,59","6,88","87,16","37,82",,,,,,,,,,,,,,,,,,,,,,,,,,,,,,,,,,
SANOFI,,2022,,,,,,,,,"1,55",,"3,56",,"16,88","10,92","1,25","13,49","9,34","23,33","6,62","53,24","43,00",,,,,,,,,,,,,,,,,,,,,,,,,,,,,,,,,,
SANOFI,,2021,,,,,,,,,"1,90",,"3,33",,"17,82","9,38","1,25","17,90","7,26","22,95","6,74","67,02","37,76",,,,,,,,,,,,,,,,,,,,,,,,,,,,,,,,,,
SANOFI,,2020,,,,,,,,,"2,24",,"3,20",,"18,79","8,37","1,25","8,07","15,01","20,17","4,23","32,63","36,04",,,,,,,,,,,,,,,,,,,,,,,,,,,,,,,,,,
SANOFI,,2019,,,,,,,,,"2,64",,"3,15",,"20,63","7,81","1,25","38,75","3,61","16,82","4,72","135,44","36,13",,,,,,,,,,,,,,,,,,,,,,,,,,,,,,,,,,
SANOFI,,2018,,,,,,,,,,,,,,,,,,,,,,,,,,,,,,,,,,,,,,,,,,,,,,,,,,,,,,,
RESMED,https://encrypted-tbn0.gstatic.com/images?q=tbn:ANd9GcRC7EOgqlfnxK3qaeQGEP3A3xI3hflPeWLkIw&s,2026,Santé,,"20,59","186,44","238,75","182,00","-0,22",#REF!,"0,41","1,14",,,"5,79","14,29","145,68","22,48","22,98","35,16","12,24",,"5,40",NYSE:RMD,"18,81","14,77","1,52",,,,,,,,,,,,,,,,,,,,,,,,,,,,,,
RESMED,,2025,,,,,,,,,"0,44",,"2,12","9,55","5,78","13,05","146,39","27,14","22,44","32,79","11,28","22,30","5,15",,,,,,,,,,,,,,,,,,,,,,,,,,,,,,,,,,
RESMED,,2024,,,,,,,,,"0,55",,"1,92","7,72","5,92","10,85","146,90","27,66","17,94","29,54","8,82","27,75","4,69",,,,,,,,,,,,,,,,,,,,,,,,,,,,,,,,,,
RESMED,,2023,,,,,,,,,"1,17",,"1,76","6,44","10,71","9,15","147,06","35,90","18,09","27,28","3,89","28,91","4,22",,,,,,,,,,,,,,,,,,,,,,,,,,,,,,,,,,
RESMED,,2022,,,,,,,,,"0,77",,"1,68","5,79","6,24","8,12","146,41","39,55","19,76","27,96","1,47","31,69","3,58",,,,,,,,,,,,,,,,,,,,,,,,,,,,,,,,,,
RESMED,,2021,,,,,,,,,"0,72",,"1,56","5,33","5,42","7,54","145,65","76,09","12,81","28,54","4,33","48,15","3,20",,,,,,,,,,,,,,,,,,,,,,,,,,,,,,,,,,
RESMED,,2020,,,,,,,,,"1,31",,"1,56","4,76","8,92","6,80","144,89","44,98","17,53","27,36","4,85","36,55","2,96",,,,,,,,,,,,,,,,,,,,,,,,,,,,,,,,,,
RESMED,,2019,,,,,,,,,"1,61",,"1,48","3,64","8,80","5,45","143,65","43,58","14,30","24,40","2,70","52,85","2,61",,,,,,,,,,,,,,,,,,,,,,,,,,,,,,,,,,
RESMED,,2018,,,,,,,,,,,,,,,,,,,,,,,,,,,,,,,,,,,,,,,,,,,,,,,,,,,,,,,
NOVO NORDISK,https://companieslogo.com/img/orig/NVO_BIG-f838aae1.png?t=1720244493,2026,Santé,,"29,26","38,12","78,05","59,72","-0,51","11,23","0,87","4,09","1,56","3,08","3,93","4,50","3,37","12,22","37,51","40,32","1,77","50,75","41,29",ETR:NOV,"19,75","12,00","1,02",,,,,,,,,,,,,,,,,,,,,,,,,,,,,,
NOVO NORDISK,,2025,Technologie,,,,,,,,"0,87",,"1,56","3,08","3,93","4,50","3,37","14,12","37,51","43,69","1,77","50,28","41,29",,,,,,,,,,,,,,,,,,,,,,,,,,,,,,,,,,
NOVO NORDISK,,2024,,,,,,,,,"0,70",,"1,52","3,03","3,08","4,43","3,37","27,59","56,07","48,00","2,21","50,23","38,82",,,,,,,,,,,,,,,,,,,,,,,,,,,,,,,,,,
NOVO NORDISK,,2023,,,,,,,,,"0,24",,"1,26","2,50","0,81","3,32","3,38","37,50","71,25","44,51","2,48","50,59","31,15",,,,,,,,,,,,,,,,,,,,,,,,,,,,,,,,,,
NOVO NORDISK,,2022,,,,,,,,,"0,32",,"0,83","1,64","0,76","2,39","3,42","38,39","57,99","42,06","1,97","50,01","23,73",,,,,,,,,,,,,,,,,,,,,,,,,,,,,,,,,,
NOVO NORDISK,,2021,,,,,,,,,"0,41",,"0,70","1,39","0,78","1,88","0,35","35,45","63,71","41,91","1,42","50,40","18,93",,,,,,,,,,,,,,,,,,,,,,,,,,,,,,,,,,
NOVO NORDISK,,2020,,,,,,,,,"0,18",,"0,61","1,21","0,30","1,71","3,55","23,69","66,45","42,63","1,32","50,90","17,05",,,,,,,,,,,,,,,,,,,,,,,,,,,,,,,,,,
NOVO NORDISK,,2019,,,,,,,,,"0,08",,"0,56","1,10","0,13","1,62","3,68","23,61","69,28","43,48","1,07",,"16,33",,,,,,,,,,,,,,,,,,,,,,,,,,,,,,,,,,
NOVO NORDISK,,2018,,,,,,,,,,,,,,,,,,,,,,,,,,,,,,,,,,,,,,,,,,,,,,,,,,,,,,,
IPSOS,https://media.lesechos.com/api/v1/images/view/69696f1da70a2a5bcd0c1fbe/1280x720/2154200-1768517373-1034173-1424878297-ipsos-logo.jpg,2026,Technologie,,"14,83","39,46","49,50","32,80","-0,20",,"1,26",,,,"11,61","9,18","43,15","8,36","9,53","15,35",,,"2,52",EPA:IPS,"12,39","9,74","0,86",,,,,,,,,,,,,,,,,,,,,,,,,,,,,,
IPSOS,,2025,,,,,,,,,#DIV/0!,,"2,00","5,50",,,,"8,00","9,53","11,99",,"46,19","2,52",,,,,,,,,,,,,,,,,,,,,,,,,,,,,,,,,,
IPSOS,,2024,,,,,,,,,"1,26",,"1,85","5,56","11,61","9,18","43,08","9,85","11,32","12,77","7,31","38,97","2,44",,,,,,,,,,,,,,,,,,,,,,,,,,,,,,,,,,
IPSOS,,2023,,,,,,,,,"1,22",,"1,65","5,14","11,68","9,55","43,19","15,80","8,34","12,68","5,86","44,99","2,39",,,,,,,,,,,,,,,,,,,,,,,,,,,,,,,,,,
IPSOS,,2022,,,,,,,,,"1,50",,"1,35","5,12","12,87","8,60","44,24","12,34","11,22","12,56","6,60","27,74","2,41",,,,,,,,,,,,,,,,,,,,,,,,,,,,,,,,,,
IPSOS,,2021,,,,,,,,,"1,75",,"1,15","4,56","13,46","7,69","44,42","10,22","10,54","12,60","7,12","27,75","2,15",,,,,,,,,,,,,,,,,,,,,,,,,,,,,,,,,,
IPSOS,,2020,,,,,,,,,"2,97",,"0,90","2,88","15,66","5,27","44,06","11,33","6,44","8,64","7,61","36,20","1,84",,,,,,,,,,,,,,,,,,,,,,,,,,,,,,,,,,
IPSOS,,2019,,,,,,,,,"3,36",,"0,45","2,87","20,24","6,02","43,96","12,45","5,91","9,80","3,10","18,83","2,00",,,,,,,,,,,,,,,,,,,,,,,,,,,,,,,,,,
IPSOS,,2018,,,,,,,,,,,,,,,,,,,,,,,,,,,,,,,,,,,,,,,,,,,,,,,,,,,,,,,
ZOETIS,https://upload.wikimedia.org/wikipedia/commons/thumb/0/0f/Zoetis_logo.svg/1280px-Zoetis_logo.svg.png,2026,Santé,,"28,21","77,56","158,85","129,54","-0,51","12,21","1,81","2,32","1,80",,"16,41","9,08","440,69","21,35","21,50","39,00","5,05",,"9,40",NYSE:ZTS,"18,39","11,09","1,93",,,,,,,,,,,,,,,,,,,,,,,,,,,,,,
ZOETIS,,2025,,,,,,,,,#DIV/0!,,,,,,,,,,,,,,,,,,,,,,,,,,,,,,,,,,,,,,,,,,,,,,
ZOETIS,,2024,,,,,,,,,"1,75",,"1,80","5,92","14,94","8,55","448,47","29,81","22,69","36,65","5,05","32,86","9,26",,,,,,,,,,,,,Column 15,Entreprise,Colonne 1,secteur,Logo,Perf / ans,Prix actuel,Prix juste,Prix cible ,Dividende %,Valeur %,Per,Dette/EBITDA,ROIC,Marge opé,,,,,,,
ZOETIS,,2023,,,,,,,,,"1,91",,"1,56","5,32","14,72","7,70","458,37","38,92","20,48","35,92","3,51","30,71","8,54",,,,,,,,,,,,,,,,,,,,,,,,,,,,,,,,,,
ZOETIS,,2022,,,,,,,,,"2,40",,"1,35","4,88","17,29","7,21","501,89","32,61","18,85","36,24","2,82","30,04","8,08",,,,,,,,,,,,,,,,,,,,,,,,,,,,,,,,,,
ZOETIS,,2021,,,,,,,,,"2,09",,"1,07","4,70","14,23","6,82","472,57","57,11","18,68","36,05","3,64","25,16","7,78",,,,,,,,,,,,,,,,,,,,,,,,,,,,,,,,,,
ZOETIS,,2020,,,,,,,,,"2,73",,"0,85","3,85","15,47","5,66","475,32","48,35","16,93","33,99","3,50","24,83","6,67",,,,,,,,,,,,,,,,,,,,,,,,,,,,,,,,,,
ZOETIS,,2019,,,,,,,,,"2,74",,"0,69","3,64","13,79","5,04","475,53","42,51","17,19","32,24","2,77","22,23","6,26",,,,,,,,,,,,,,,,,,,,,,,,,,,,,,,,,,
ZOETIS,,2018,,,,,,,,,"2,94",,"0,54","3,13","13,25","4,50","479,56","29,17","18,60","32,29","2,98","18,48","5,83",,,,,,,,,,,,,,,,,,,,,,,,,,,,,,,,,,
NVIDIA,https://www.nvidia.com/content/dam/en-zz/Solutions/about-nvidia/logo-and-brand/nvidia-og-image-white-bg-1200x630.jpg,2026,Technologie,,"51,30","224,36","143,10","110,09","0,57","37,36","0,09",,"0,04",,"0,47","5,45","24,30","37,36","93,57","65,02","3,42",,"215,94",NASDAQ:NVDA,"18,17","65,54","0,57",,,,,,,,,,,,,,,,,,,,,,,,,,,,,,
NVIDIA,,2025,,,,,,,,"38,32","0,09",,"0,04","4,77","0,47","5,43","24,30","38,32","93,57","60,38","3,41","0,82","215,94",,,,,,,,,,,,,,,,,,,,,,,,,,,,,,,,,,
NVIDIA,,2024,,,,,,,,"48,54","0,12",,"0,03","2,99","0,41","3,36","24,48","48,54","102,75","62,42","2,45","1,16","130,50",,,,,,,,,,,,,,#REF!,,,,,,,,,,,,,,,,,,,,
NVIDIA,,2023,,,,,,,,"51,14","0,32",,"0,02","1,30","0,44","1,38","24,64","51,14","69,81","54,12","1,08","1,34","60,92",,,,,,,,,,,,,,#REF!,,,,,,,,,,,,,,,,,,,,
NVIDIA,,2022,,,,,,,,"116,91","1,71",,"0,02","0,33","0,48","0,28","24,66","116,91","12,30","20,68","0,15","9,18","26,97",,,,,,,,,,,,,,#REF!,,,,,,,,,,,,,,,,,,,,
NVIDIA,,2021,,,,,,,,"59,37","1,07",,"0,02","0,44","0,47","0,44","25,06","59,37","31,56","37,31","0,32","4,16","26,91",,,,,,,,,,,,,,#REF!,,,,,,,,,,,,,,,,,,,,
NVIDIA,,2020,,,,,,,,"75,30","1,35",,"0,02","0,25","0,31","0,23","24,80","75,30","22,65","27,68","0,19","9,28","16,68",,,,,,,,,,,,,,#REF!,,,,,,,,,,,,,,,,,,,,
NVIDIA,,2019,,,,,,,,"55,37","0,85",,"0,02","0,14","0,11","0,13","24,48","55,37","21,44","26,48","0,17","14,15","10,92",,,,,,,,,,,,,,#REF!,,,,,,,,,,,,,,,,,,,,
NVIDIA,,2018,,,,,,,,,,,,,,,,,,,,,,,,,,,,,,,,,,,#REF!,,,,,,,,,,,,,,,,,,,,
GOOGLE,https://upload.wikimedia.org/wikipedia/commons/thumb/2/2f/Google_2015_logo.svg/1280px-Google_2015_logo.svg.png,2026,Technologie,,"-0,46","376,37","204,60","176,84","0,84","36,79","0,44","0,22","0,83","10,81","5,48","12,59","5,44","30,66","32,01","31,67","5,99","7,68","403,06",NASDAQ:GOOGL,"18,87","12,45","2,46",,,,,,,,,,#REF!,,,,,,,,,,,,,,,,,,,,
GOOGLE,,2025,,,,,,,,,"0,45",,"0,83","10,81","5,48","12,29","5,43","29,04","32,01","32,05","5,99","7,46","402,96",,,,,,,,,,,,,,NESTLE,https://cdn.worldvectorlogo.com/logos/nestle-4.svg,2026,Consommation de base,,"1,75","77,87","79,56","66,32","-0,02","17,62",,,,,,"6,94","2,53","21,92","10,84","15,43"
GOOGLE,,2024,,,,,,,,,"0,22",,"0,60","8,04","2,26","10,24","5,51","23,68","32,42","32,07","5,85","0,00","349,81",,,,,,,,,,,,,,ESSILORLUXOTTICA,https://upload.wikimedia.org/wikipedia/fr/thumb/4/45/Essilorluxottica_Logo.svg/960px-Essilorluxottica_Logo.svg.png,2026,Consommation de base,,"-3,95","172,8","128,25","138,30","0,35","34,7","2,23",,,,"30,72","13,76","463,19","42,31","4,70","9,45"
GOOGLE,,2023,,,,,,,,,"0,30",,"0,00","5,80","2,35","7,71","5,69","24,30","24,91","28,05","5,46","0,00","307,16",,,,,,,,,,,,,,EDENRED,https://upload.wikimedia.org/wikipedia/commons/c/c1/Edenred_Logo_%28depuis_2017%29.png,2026,Consommation de base,,"25,75","23,3","47,40","31,71","-0,51",,"4,10","5,20","1,21",,"19,67","4,80","235,40","9,26","19,51","32,74"
GOOGLE,,2022,,,,,,,,,"0,34",,"0,00","4,56","2,28","6,75","6,00","19,47","21,37","25,95","4,56","0,00","280,88",,,,,,,,,,,,,,CHIPOTLE MEXICAN GRILL,https://upload.wikimedia.org/wikipedia/en/3/3b/Chipotle_Mexican_Grill_logo.svg,2026,Consommation de base,,"37,52","30,6","40,72","34,29","-0,25",,"2,14","0,00","0,00",,"3,85","1,80","1,30","31,35","19,79","20,31"
GOOGLE,,2021,,,,,,,,,"0,31",,"0,00","5,61","2,10","6,71","6,33","25,79","28,94","30,51","4,94","0,00","257,49",,,,,,,,,,,,,,DOMINOS,https://encrypted-tbn0.gstatic.com/images?q=tbn:ANd9GcQFQZlOOnAaQivL0gqf0bXs--rRveNHulbo_A&s,2026,Consommation de base,,"18,88","313,7","456,82","357,73","-0,31","17,9","4,85","1,93","6,04",,"148,46","30,64","33,63","22,72","105,67","19,32"
GOOGLE,,2020,,,,,,,,,"0,51",,"0,00","2,93","2,03","3,98","6,57","29,89","17,36","22,51","3,12","0,00","182,35",,,,,,,,,,,,,,COSTCO,https://upload.wikimedia.org/wikipedia/commons/thumb/5/59/Costco_Wholesale_logo_2010-10-26.svg/1280px-Costco_Wholesale_logo_2010-10-26.svg.png,,Consommation de base,,"3,58","946,1","637,35","539,94","0,48","52,0","0,27","0,52",,,,,,,"30,32","0,04"
GOOGLE,,2019,,,,,,,,,"0,34",,"0,00","2,46","1,14","3,38","6,84","27,20","17,26","21,98","2,22","0,00","161,40",,,,,,,,,,,,,,,,,,,,,,,,,,,,,,,,,,
TTM 2025,,2018,,,,,,,,,#DIV/0!,,"0,00",,,,,,,,,"0,00",,,,,,,,,,,,,,,,,,,,,,,,,,,,,,,,,,,
MICROSOFT,https://graphiste.com/blog/wp-content/uploads/sites/4/2020/12/logo-microsoft-scaled.jpg,2026,Technologie,,"12,70","460,52","351,50","340,60","0,31","32,75","0,67","0,72","3,32",,"16,53","24,77","7,43","24,63","26,71","47,09","10,38",,"305,45",NASDAQ:MSFT,"19,33","24,24","1,02",,,,,,,,,,,,,,,,,,,,,,,,,,,,,,
MICROSOFT,,2025,,,,,,,,,"0,69",,"3,32","13,64","15,03","21,79","7,43","36,46","25,60","45,62","9,59","24,34","281,72",,,,,,,,,,,,,,,,,,,,,,,,,,,,,,,,,,
MICROSOFT,,2024,,,,,,,,,"0,74",,"3,00","11,80","13,10","17,64","7,43","37,88","28,06","44,64","9,92","25,42","245,12",,,,,,,,,,,,,,,,,,,,,,,,,,,,,,,,,,
MICROSOFT,,2023,,,,,,,,,"0,77",,"2,72","9,81","10,63","13,86","7,43","35,16","28,06","42,34","7,96","28,09","211,91",,,,,,,,,,,,,,,,,,,,,,,,,,,,,,,,,,
MICROSOFT,,2022,,,,,,,,,"0,80",,"2,48","9,21","10,40","12,98","7,46","26,62","32,16","42,06","8,64","25,71","198,27",,,,,,,,,,,,,,,,,,,,,,,,,,,,,,,,,,
MICROSOFT,,2021,,,,,,,,,"1,02",,"2,24","7,97","10,81","10,62","7,52","33,64","30,04","41,59","7,38","27,81","168,09",,,,,,,,,,,,,,,,,,,,,,,,,,,,,,,,,,
MICROSOFT,,2020,,,,,,,,,"1,26",,"2,04","5,76","10,69","8,49","7,57","35,31","23,56","37,03","5,89","35,40","143,01",,,,,,,,,,,,,,,,,,,,,,,,,,,,,,,,,,
MICROSOFT,,2019,,,,,,,,,"1,60",,"1,84","4,75","11,15","6,99","7,64","26,47","22,68","33,96","4,93","36,36","125,50",,,,,,,,,,,,,,,,,,,,,,,,,,,,,,,,,,
MICROSOFT,,2018,,,,,,,,,,,,,,,,, ,,,,,,,,,,,,,,,,,,,,,,,,,,,,,,,,,,,,,,
COINBAISE,https://upload.wikimedia.org/wikipedia/commons/thumb/1/1a/Coinbase.svg/1280px-Coinbase.svg.png,2026,Technologie,,"10,97","182,61","252,80","187,16","-0,28",,"1,90","0,00","0,00",,"26,57","13,97","228,18","12,65","18,34","34,33","10,34","0,00","8,74",NASDAQ:COIN,"17,62","5,00","2,53",,,,,,,,,,,,,,,,,,,,,,,,,,,,,,
COINBAISE,,2025,,,,,,,,,"1,48",,"0,00",,"16,90","11,42","209,76",,"21,61","45,62",,"0,00","6,56",,,,,,,,,,,,,,,,,,,,,,,,,,,,,,,,,,
COINBAISE,,2024,,,,,,,,,"35,24",,"0,00","9,48","11,98","0,34","195,19","26,20","1,04","-1,73",,"0,00","3,11",,,,,,,,,,,,,,,,,,,,,,,,,,,,,,,,,,
COINBAISE,,2023,,,,,,,,,"-1,99",,"0,00","0,37","15,82","-7,93","182,80","466,90","-28,03","-61,02",,"0,00","3,19",,,,,,,,,,,,,,,,,,,,,,,,,,,,,,,,,,
COINBAISE,,2022,,,,,,,,,"1,10",,"0,00","-11,83","16,08","14,62","168,81",,"54,10","39,24",,"0,00","7,84",,,,,,,,,,,,,,,,,,,,,,,,,,,,,,,,,,
COINBAISE,,2021,,,,,,,,,"0,23",,"0,00","14,50","0,54","2,33","130,70","17,69","7,80","32,01",,"0,00","1,28",,,,,,,,,,,,,,,,,,,,,,,,,,,,,,,,,,
COINBAISE,,2020,,,,,,,,,#DIV/0!,,"0,00","1,57",,,,,,,,"0,00","0,53",,,,,,,,,,,,,Column 15,Entreprise,Colonne 1,secteur,Logo,Perf / ans,Prix actuel,Prix juste,Prix cible ,Dividende %,Valeur %,Per,Dette/EBITDA,ROIC,Marge opé,,,,,,,
COINBAISE,,2019,,,,,,,,,#DIV/0!,,"0,00",,,,,,,,,"0,00",,,,,,,,,,,,,,,CREDIT AGRICOLE,https://franceactive-valdoise-yvelines.org/wp-content/uploads/2018/07/credit-agricole-sa-logo.jpg,,Finance & assurance,,"1,93","16,45","13,98","10,59","0,18","7,06","7,07","7,17",,,,,,,"1,33","0,10"
TTM 2025,,2018,,,,,,,,,#DIV/0!,,"0,00",,,,,,,,,"0,00",,,,,,,,,,,,,,,SOCIETE GENERAL,https://www.societegenerale.com/sites/default/files/image/2023-04/logo-societe-generale.png,,Finance & assurance,,"-1,57","70,8","53,64","36,45","0,32","11,2","4,72","4,69",,,,,,,"1,36","0,07"
CREDIT AGRICOLE,https://franceactive-valdoise-yvelines.org/wp-content/uploads/2018/07/credit-agricole-sa-logo.jpg,,Finance & assurance,,"1,93","16,45","13,98","10,59","0,18","7,06","7,07","7,17",,,,,,,"1,33","0,10",,,,EPA:ACA,"0,49",,,,,,,,,,,,BNP PARISBAS,https://encrypted-tbn0.gstatic.com/images?q=tbn:ANd9GcQJFxqbY3rUahvMAMjbnV3LJM90uyAZXtRd8A&s,,Finance & assurance,,"-4,78","92,6","56,52","41,61","0,64","9,8","0,03","5,48",,,,,,,"2,50","0,10"
SOCIETE GENERAL,https://www.societegenerale.com/sites/default/files/image/2023-04/logo-societe-generale.png,,Finance & assurance,,"-1,57","70,82","53,64","36,45","0,32","11,22","4,72","4,69",,,,,,,"1,36","0,07",,,,EPA:GLE,"0,49",,,,,,,,,,,,AXA,https://upload.wikimedia.org/wikipedia/commons/thumb/9/94/AXA_Logo.svg/3840px-AXA_Logo.svg.png,,Finance & assurance,,"10,97","39,6","31,59","22,14","0,25","11,3","0,02","5,76",,,,,,,"6,31","0,10"
BNP PARISBAS,https://encrypted-tbn0.gstatic.com/images?q=tbn:ANd9GcQJFxqbY3rUahvMAMjbnV3LJM90uyAZXtRd8A&s,,Finance & assurance,,"-4,78","92,58","56,52","41,61","0,64","9,83","0,03","5,48",,,,,,,"2,50","0,10",,,,EPA:BNP,"4,95",,,,,,,,,,,,ASRNL,https://companieslogo.com/img/orig/ASRNL.AS-56491239.png?t=1720244490,,Finance & assurance,,"-13,10","63,4","28,66","25,46","1,21","12,2","0,01","5,23",,,,,,,"5,60","0,37"
AXA,https://upload.wikimedia.org/wikipedia/commons/thumb/9/94/AXA_Logo.svg/3840px-AXA_Logo.svg.png,,Finance & assurance,,"10,97","39,57","31,59","22,14","0,25","11,27","0,02","5,76",,,,,,,"6,31","0,10",,,,EPA:CS,"6,27",,,,,,,,,,,,ALLIANZ,https://upload.wikimedia.org/wikipedia/commons/thumb/4/4b/Allianz.svg/1280px-Allianz.svg.png,,Finance & assurance,,"-16,17","374,9","128,05","155,22","1,93","14,6","0,01","4,35",,,,,,,"12,49","0,12"
ASRNL,https://companieslogo.com/img/orig/ASRNL.AS-56491239.png?t=1720244490,,Finance & assurance,,"-13,10","63,44","28,66","25,46","1,21","12,18","0,01","5,23",,,,,,,"5,60","0,37",,,,AMS:ASRNL,"6,07",,,,,,,,,,,,DEUTSCHE BOERSE,https://upload.wikimedia.org/wikipedia/fr/4/44/Deutsche_Boerse_Logo.svg,,Finance & assurance,,"7,44","248,0","204,63","181,85","0,21","23,0","0,59","1,71",,,,,,,"11,69","0,42"
ALLIANZ,https://upload.wikimedia.org/wikipedia/commons/thumb/4/4b/Allianz.svg/1280px-Allianz.svg.png,,Finance & assurance,,"-16,17","374,90","128,05","155,22","1,93","14,64","0,01","4,35",,,,,,,"12,49","0,12",,,,ETR:ALV,"8,41",,,,,,,,,,,,EURONEXT,https://upload.wikimedia.org/wikipedia/fr/5/5a/Logo_Euronext.png,2026,Finance & assurance,,"4,60","139,9","106,42","82,57","0,31","22,3","2,73","2,07","2,90",,"29,34","10,76","100,61","18,54","9,62","51,57"
COVIVIO,https://upload.wikimedia.org/wikipedia/commons/e/ea/Covivio_LOGO.jpg,,Immobilier,,"-6,96","55,20","30,16","39,56","0,83","14,64","1,07","4,65",,,,,,,"2,37","0,51",,,,EPA:COV,"6,81",,,,,,,,,,,,AMUNDI,https://upload.wikimedia.org/wikipedia/commons/a/aa/Logo_d%27Amundi.png,2026,Finance & assurance,,"5,55","84,0","78,96","62,08","0,06","12,8","11,10","5,06","4,25",,"98,46","8,87","204,75",,"4,25","41,00"
GECINA,https://storage.googleapis.com/endurance-apps-liip/media/cache/gecina_no_filter_grid_fs/5cac58d280564a4fcd3ceb5d,,Immobilier,,"1,61","72,75","61,74","64,20","0,18","10,60","11,00","7,72",,,,,,,"3,25","0,59",,,,EPA:GFC,"1,28",,,,,,,,,,,,,,,,,,,,,,,,,,,,,,,,
DEUTSCHE BOERSE,https://upload.wikimedia.org/wikipedia/fr/4/44/Deutsche_Boerse_Logo.svg,,Finance & assurance,,"7,44","248,00","204,63","181,85","0,21","23,03","0,59","1,71",,,,,,,"11,69","0,42",,,,ETR:DB1,"9,37",,,,,,,,,,,,,,,,,,,,,,,,,,,,,,,,
EURONEXT,https://upload.wikimedia.org/wikipedia/fr/5/5a/Logo_Euronext.png,2026,Finance & assurance,,"4,60","139,90","106,42","82,57","0,31","22,35","2,73","2,07","2,90",,"29,34","10,76","100,61","18,54","9,62","51,57","8,95",,"1,76",EPA:ENX,"12,91","10,48","1,77",,,,,,,,,,,,,,,,,,,,,,,,,,,,,,
EURONEXT,,2025,,,,,,,,,#DIV/0!,,,,,,,,,,,,,,,,,,,,,,,,,,,,,,,,,,,,,,,,,,,,,,
EURONEXT,,2024,,,,,,,,,"1,45",,"2,90","6,56","24,99","17,21","102,76","19,23","8,46","67,28",,"51,30","2,41",,,,,,,,,,,,,,,,,,,,,,,,,,,,,,,,,,
EURONEXT,,2023,,,,,,,,,"1,92",,"2,48","5,51","29,06","15,12","103,67","16,29","7,35","65,35",,"51,21","2,22",,,,,,,,,,,,,,,,,,,,,,,,,,,,,,,,,,
EURONEXT,,2022,,,,,,,,,"3,72",,"2,22","5,21","28,79","7,74","106,73","16,89","6,39","45,46",,"54,09","1,48",,,,,,,,,,,,,,,,,,,,,,,,,,,,,,,,,,
EURONEXT,,2021,,,,,,,,,"3,64",,"1,93","5,35","32,36","8,90","106,58","21,26","9,08","52,30",,"44,85","1,39",,,,,,,,,,,,,,,,,,,,,,,,,,,,,,,,,,
EURONEXT,,2020,,,,,,,,,"2,54",,"1,47","4,56","17,28","6,80","76,32","19,98","14,55","52,31",,"35,56","0,88",,,,,,,,,,,,,,,,,,,,,,,,,,,,,,,,,,
EURONEXT,,2019,,,,,,,,,"2,76",,"1,45","3,56","13,93","5,05","76,42","22,89","13,59","50,46",,"49,91","0,68",,,,,,,,,,,,,,,,,,,,,,,,,,,,,,,,,,
EURONEXT,,2018,,,,,,,,,"1,45",,"1,41","3,14","6,60","4,55","76,25","16,27","19,85","52,82",,"49,62","0,61",,,,,,,,,,,,,,,,,,,,,,,,,,,,,,,,,,
AMUNDI,https://upload.wikimedia.org/wikipedia/commons/a/aa/Logo_d%27Amundi.png,2026,Finance & assurance,,"5,55","84,00","78,96","62,08","0,06","12,77","11,10","5,06","4,25",,"98,46","8,87","204,75",,"4,25","41,00","0,00",,"5,38",EPA:AMUN,"8,49","6,87","0,00",,,,,,,,,,,,,,,,,,,,,,,,,,,,,,
AMUNDI,,2025,,,,,,,,,#DIV/0!,,,"6,58",,,"204,75",,,"43,30","0,00",,"3,34",,,,,,,,,,,,,,,,,,,,,,,,,,,,,,,,,,
AMUNDI,,2024,,,,,,,,,"11,10",,"4,25","6,75","98,46","8,87","203,43","10,07","4,25","26,73","0,00","66,68","6,43",,,,,,,,,,,,,,,,,,,,,,,,,,,,,,,,,,
AMUNDI,,2023,,,,,,,,,"12,00",,"4,10","6,00","94,21","7,85","203,40","10,80","4,44","26,22","0,00","71,87","5,79",,,,,,,,,,,,,,,,,,,,,,,,,,,,,,,,,,
AMUNDI,,2022,,,,,,,,,"8,35",,"4,10","5,79","59,68","7,15","202,52","10,04","4,86","23,02","0,00","77,67","5,93",,,,,,,,,,,,,,,,,,,,,,,,,,,,,,,,,,
AMUNDI,,2021,,,,,,,,,"7,14",,"4,10","6,49","60,01","8,41","200,83","10,74","6,31","27,88","0,00","60,71","5,83",,,,,,,,,,,,,,,,,,,,,,,,,,,,,,,,,,
AMUNDI,,2020,,,,,,,,,"10,67",,"2,90","4,76","67,87","6,36","201,90","14,85","4,59","26,19","0,00","64,46","4,61",,,,,,,,,,,,,,,,,,,,,,,,,,,,,,,,,,
AMUNDI,,2019,,,,,,,,,"7,16",,"0,00","4,75","48,13","6,72","200,83","14,70","5,89","26,86","0,00","0,00","4,76",,,,,,,,,,,,,,,,,,,,,,,,,,,,,,,,,,
AMUNDI,,2018,,,,,,,,,,,,,,,,,,,,,,,,,,,,,,,,,,,,,,,,,,,,,,,,,,,,,,,
XIAOMI,https://upload.wikimedia.org/wikipedia/commons/a/a9/XiaomiLogoNew2.png,2026,Technologie,,"-4,72","28,72","18,53","17,91","0,55","27,89","0,71","0,00","0,00","0,99","1,12","1,58","21,63","17,72","17,97","5,94",,"0,00",,HKG:1810,"13,09","4,00","4,43",,,,,,,,,,,,,,,,,,,,,,,,,,,,,,
XIAOMI,,2025,,,,,,,,,#DIV/0!,,"0,00",,,,,,,,,"0,00",,,,,,,,,,,,,,,,,,,,,,,,,,,,,,,,,,,
XIAOMI,,2024,,,,,,,,,"1,27",,"0,00","0,76","1,50","1,18","20,58","34,30","11,97","5,88","1,55","0,00","429,04",,,,,,,,,,,,,,,,,,,,,,,,,,,,,,,,,,
XIAOMI,,2023,,,,,,,,,"1,57",,"0,00","0,11","1,30","0,83","20,51","20,46","9,83","5,27","1,69","0,00","357,00",,,,,,,,,,,,,,,,,,,,,,,,,,,,,,,,,,
XIAOMI,,2022,,,,,,,,,"2,76",,"0,00","0,96","1,16","0,42","20,34","96,22","1,50","1,97","-0,44","0,00","358,28",,,,,,,,,,,,,,,,,,,,,,,,,,,,,,,,,,
XIAOMI,,2021,,,,,,,,,"1,33",,"0,00","1,01","1,42","1,07","20,33","20,69","13,12","5,95","0,15","0,00","300,77",,,,,,,,,,,,,,,,,,,,,,,,,,,,,,,,,,
XIAOMI,,2020,,,,,,,,,"1,78",,"0,00","0,46","0,89","0,50","20,49","35,81","17,81","3,79","1,03","0,00","205,41",,,,,,,,,,,,,,,,,,,,,,,,,,,,,,,,,,
XIAOMI,,2019,,,,,,,,,"2,02",,"0,00","0,96","0,85","0,42","17,48","23,20","11,96","3,71","1,01","0,00","165,72",,,,,,,,,,,,,,,,,,,,,,,,,,,,,,,,,,
XIAOMI,,2018,,,,,,,,,,,,,,,,,,,,,,,,,,,,,,,,,,,,,,,,,,,,,,,,,,,,,,,
ADOBE,https://upload.wikimedia.org/wikipedia/commons/8/8d/Adobe_Corporate_Logo.png,2026,Technologie,,"35,76","274,03","552,60","322,02","-0,50","13,09","0,70",,,,,,,"13,99","38,70","37,00",,,,NASDAQ:ADBE,"19,40","15,00","0,93",,,,,,,,,,,,,,,,,,,,,,,,,,,,,,
ADOBE,,2025,,,,,,,,,"0,70",,,"20,94","15,57","22,32","413,00","19,17","38,77","36,66","23,07",,"23,77",,,,,,,,,,,,,,,,,,,,,,,,,,,,,,,,,,
ADOBE,,2024,,,,,,,,,"0,69",,,"18,42","13,47","19,50","441,00","41,73","28,43","36,40","17,51",,"21,52",,,,,,,,,,,,,,,,,,,,,,,,,,,,,,,,,,
ADOBE,,2023,,,,,,,,,"0,54",,,"16,07","8,89","16,46","455,00","51,79","28,11","34,13","15,12",,"19,37",,,,,,,,,,,,,Column 15,Entreprise,Colonne 1,secteur,Logo,Perf / ans,Prix actuel,Prix juste,Prix cible ,Dividende %,Valeur %,Per,Dette/EBITDA,ROIC,Marge opé,,,,,,,
ADOBE,,2022,,,,,,,,,"0,68",,,"13,71","9,84","14,57","462,00","33,82","25,39","33,98","15,70",,"17,43",,,,,,,,,,,,,,ASML,https://upload.wikimedia.org/wikipedia/commons/6/6c/ASML_Holding_N.V._logo.svg,2026,Technologie,,"-1,73","1394,00","741,90","656,76","0,88","56,37","0,22",,,,"7,00","31,85","387,60","50,10","42,98","35,31"
ADOBE,,2021,,,,,,,,,"0,70",,,"12,48","9,72","13,89","475,00","61,50","25,89","36,82","14,31",,"15,80",,,,,,,,,,,,,,TSMC,https://upload.wikimedia.org/wikipedia/fr/6/6d/Logo_Taiwan_Semiconductor_Manufacturing_Company.svg,2026,Technologie,,"-1,58","435,6","188,82","175,53","1,31","41,5","0,40","0,53",,,"6,56","16,27","5,19","31,77","30,47","53,89"
ADOBE,,2020,,,,,,,,,"0,93",,,"10,10","9,70","10,46","479,00","44,03","35,78","32,91","10,93",,"12,87",,,,,,,,,,,,,,DASSAULT SYSTHEME,https://encrypted-tbn0.gstatic.com/images?q=tbn:ANd9GcRDeTly8WOXa0bteahMGwDIw3zpUMEdxechqQ&s,2026,Technologie,,"16,04","20,3","18,00","21,70","0,13",,"1,34","1,28","0,26",,"1,95","1,46","1,32","20,09","11,11","31,29"
ADOBE,,2019,,,,,,,,,"1,04",,,"7,87","8,42","8,07","482,34","51,55","23,61","29,00","8,19",,"11,13",,,,,,,,,,,,,,SAP,https://encrypted-tbn0.gstatic.com/images?q=tbn:ANd9GcQOkLzg9c239zsnsdGcT7YaRsbXfPkBjQRhow&s,2026,Technologie,,"-7,70","167,9","101,69","105,68","0,65",,"0,70","1,40","2,35","6,15","6,89","9,90","1,14","27,18","14,24","27,63"
ADOBE,,2018,,,,,,,,,,,,,,,,,,,,,,,,,,,,,,,,,,,IPSOS,https://media.lesechos.com/api/v1/images/view/69696f1da70a2a5bcd0c1fbe/1280x720/2154200-1768517373-1034173-1424878297-ipsos-logo.jpg,2026,Technologie,,"14,83","39,5","49,50","32,80","-0,20",,"1,26",,,,"11,61","9,18","43,15","8,36","9,53","15,35"
TENCENT,https://architectureprize.com/wp-content/uploads/2023/12/tencent-logo-png-tencent-qq-music-3508-2732459362.png,2026,Technologie,,"14,17","436,00","460,26","369,10","-0,05","22,05","1,39","1,03","4,50",,"48,46","34,82","9,04","22,05","15,77","32,70",,,"788,79",HKG:0700,"17,74","12,94","1,70",,,,,,,,,,NVIDIA,https://www.nvidia.com/content/dam/en-zz/Solutions/about-nvidia/logo-and-brand/nvidia-og-image-white-bg-1200x630.jpg,2026,Technologie,,"51,30","224,4","143,10","110,09","0,57","37,4","0,09",,"0,04",,"0,47","5,45","24,30","37,36","93,57","65,02"
TENCENT,,2025,,,,,,,,,#DIV/0!,,,,,,,,,,,,,,,,,,,,,,,,,,GOOGLE,https://upload.wikimedia.org/wikipedia/commons/thumb/2/2f/Google_2015_logo.svg/1280px-Google_2015_logo.svg.png,2026,Technologie,,"-0,46","376,4","204,60","176,84","0,84","36,8","0,44","0,22","0,83","10,81","5,48","12,59","5,44","30,66","32,01","31,67"
TENCENT,,2024,,,,,,,,,"1,37",,"4,50",,"40,51","29,53","9,14","18,77","16,33","30,31","23,23","19,82","715,87",,,,,,,,,,,,,,MICROSOFT,https://graphiste.com/blog/wp-content/uploads/sites/4/2020/12/logo-microsoft-scaled.jpg,2026,Technologie,,"12,70","460,52","351,50","340,60","0,31","32,75","0,67","0,72","3,32",,"16,53","24,77","7,43","24,63","26,71","47,09"
TENCENT,,2023,,,,,,,,,"1,73",,"3,40",,"42,53","24,64","9,39","22,35","10,56","25,51","23,21","25,25","672,96",,,,,,,,,,,,,,COINBAISE,https://upload.wikimedia.org/wikipedia/commons/thumb/1/1a/Coinbase.svg/1280px-Coinbase.svg.png,2026,Technologie,,"10,97","182,61","252,80","187,16","-0,28",,"1,90","0,00","0,00",,"26,57","13,97","228,18","12,65","18,34","34,33"
TENCENT,,2022,,,,,,,,,"2,11",,"2,40",,"41,59","19,67","9,49","14,79","17,28","18,54","14,97","10,45","644,88",,,,,,,,,,,,,,XIAOMI,https://upload.wikimedia.org/wikipedia/commons/a/a9/XiaomiLogoNew2.png,2026,Technologie,,"-4,72","28,72","18,53","17,91","0,55","27,89","0,71","0,00","0,00","0,99","1,12","1,58","21,63","17,72","17,97","5,94"
TENCENT,,2021,,,,,,,,,"1,90",,"1,60",,"40,81","21,52","9,54","16,35","21,88","20,62","18,22","5,63","675,06",,,,,,,,,,,,,,ADOBE,https://upload.wikimedia.org/wikipedia/commons/8/8d/Adobe_Corporate_Logo.png,2026,Technologie,,"35,76","274,03","552,60","322,02","-0,50","13,09","0,70",,,,,,,"13,99","38,70","37,00"
TENCENT,,2020,,,,,,,,,"1,62",,"1,60",,"32,25","19,89","9,51","30,38","19,65","24,94","18,72","8,45","541,69",,,,,,,,,,,,,,TENCENT,https://architectureprize.com/wp-content/uploads/2023/12/tencent-logo-png-tencent-qq-music-3508-2732459362.png,2026,Technologie,,"14,17","436,00","460,26","369,10","-0,05","22,05","1,39","1,03","4,50",,"48,46","34,82","9,04","22,05","15,77","32,70"
TENCENT,,2019,,,,,,,,,"1,67",,"1,20",,"27,08","16,21","9,55","34,09","17,18","24,57","14,96","10,74","427,81",,,,,,,,,,,,,,NOVO NORDISK,,2025,Technologie,,,,,,,,"0,87",,"1,56","3,08","3,93","4,50","3,37","14,12","37,51","43,69"
TENCENT,,2018,,,,,,,,,"1,58",,"1,00",,"21,54","13,66","9,46","32,22","19,23","24,42","11,50","10,13","370,37",,,,,,,,,,,,,,,,,,,,,,,,,,,,,,,,,,
KELLY PARTNERS,https://encrypted-tbn0.gstatic.com/images?q=tbn:ANd9GcQg6z-nUPc183APZXnDAz4snzuuIaIY9poDWA&s,2026,Technologie,,,"4,29","1,73","2,48","1,48",,"2,50","0,00","0,00",,"2,25","0,90","45,27","75,99","3,69","18,10","0,69",,"134,61",ASX:KPG,"8,51","8,15","9,33",,,,,,,,,,,,,,,,,,,,,,,,,,,,,,
KELLY PARTNERS,,2025,,,,,,,,,"2,52",,"0,00",,"2,27","0,90","45,27","141,71","3,69","19,32","0,70","0,00","134,61",,"8,76",,,,,,,,,,,,,,,,,,,,,,,,,,,,,,,,
KELLY PARTNERS,,2024,,,,,,,,,"2,24",,"0,04","0,08","1,77","0,79","45,00","132,00","4,33","21,55","0,57","56,22","108,14",,"10,06",,,,,,,,,,,,,,,,,,,,,,,,,,,,,,,,
KELLY PARTNERS,,2023,,,,,,,,,"3,04",,"0,05","0,09","1,61","0,53","45,00","54,07","5,96","17,22","0,43","56,15","83,67",,"8,03",,,,,,,,,,,,,,,,,,,,,,,,,,,,,,,,
KELLY PARTNERS,,2022,,,,,,,,,"2,33",,"0,09","0,12","1,19","0,51","45,00","31,39","11,17","25,73","0,39","70,76","64,86",,"13,25",,,,,,,,,,,,,,,,,,,,,,,,,,,,,,,,
KELLY PARTNERS,,2021,,,,,,,,,"1,73",,"0,06","0,10","0,71","0,41","45,00","33,20","12,55","28,59","0,33","62,50","48,91",,"15,60",,,,,,,,,,,,,,,,,,,,,,,,,,,,,,,,
KELLY PARTNERS,,2020,,,,,,,,,"1,69",,"0,05","0,09","0,59","0,35","45,40","9,95","12,10","26,47","0,32","60,97","45,5",,"15,04",,,,,,,,,,,,,,,,,,,,,,,,,,,,,,,,
KELLY PARTNERS,,2019,,,,,,,,,"1,71",,"0,00","0,05","0,41","0,24","45,49","16,64","9,16","23,82","0,22","0,00","39,98",,"13,35",,,,,,,,,,,,,,,,,,,,,,,,,,,,,,,,
KELLY PARTNERS,,2018,,,,,,,,,,,,,,,,,,,,,,,"4,00",,,,,,,,,,,,,,,,,,,,,,,,,,,,,,,,
TESLA,https://upload.wikimedia.org/wikipedia/commons/e/e8/Tesla_logo.png,2026,Technologie,,,"415,88","58,10","123,24","6,16",,"1,34","0,00","0,00",,"4,16","3,11","3,33","369,15","4,27","6,31","1,76",,"94,83",NASDAQ:TSLA,"8,29","14,16","26,07",,,,,,,,,,,,,,,,,,,,,,,,,,,,,,
TESLA,,2025,,,,,,,,,"1,34","0,00","0,00","1,66","4,17","3,12","3,75","418,19","4,27","5,11","1,76",,"94,83",,,,,,,,,,,,,,,,,,,,,,,,,,,,,,,,,,
TESLA,,2024,,,,,,,,,"1,04","0,00","0,00","2,42","3,89","3,75","3,22","198,13","9,35","7,94","1,02",,"97,69",,,,,,,,,,,,,,,,,,,,,,,,,,,,,,,,,,
TESLA,,2023,,,,,,,,,"0,71","0,00","0,00","3,12","2,75","3,89","3,19","57,73","25,50","9,19","1,25",,"96,77",,,,,,,,,,,,,,,,,,,,,,,,,,,,,,,,,,
TESLA,,2022,,,,,,,,,"0,33","0,00","0,00","4,07","1,65","5,00","3,16","34,02","29,41","16,98","2,18",,"81,46",,,,,,,,,,,,,,,,,,,,,,,,,,,,,,,,,,
TESLA,,2021,,,,,,,,,"0,94","0,00","0,00","2,26","2,62","2,78","3,10","215,99","15,73","12,07","1,47",,"53,82",,,,,,,,,,,,,,,,,,,,,,,,,,,,,,,,,,
TESLA,,2020,,,,,,,,,"3,09","0,00","0,00","0,75","4,11","1,33","2,88",,"2,64","6,32","0,83",,"31,54",,,,,,,,,,,,,,,,,,,,,,,,,,,,,,,,,,
TESLA,,2019,,,,,,,,,"6,57","0,00","0,00","0,00","5,52","0,84","2,72",,"-4,93","0,33","0,37",,"24,58",,,,,,,,,,,,,,,,,,,,,,,,,,,,,,,,,,
TESLA,,2018,,,,,,,,,,"0,00","0,00",,,,,,,,,,,,,,,,,,,,,,,,,,,,,,,,,,,,,,,,,,,,
SALESFORCE,https://encrypted-tbn0.gstatic.com/images?q=tbn:ANd9GcRaAx4OMNKDO78w1GtSY9IKw8zy3RPjRMbWyg&s,2026,Technologie,,"21,92","209,60","221,41","180,56","-0,05",,"0,81","0,76","1,60","10,20","12,22","15,16","937,00","24,74","10,24","23,86","13,55",,"40,32",NYSE:CRM,"14,76","20,59","1,20",,,,,,,,,,,,,,,,,,,,,,,,,,,,,,
SALESFORCE,,2025,,,,,,,,,#DIV/0!,,,,,,,,,,,,,,,,,,,,,,,,,,,,,,,,,,,,,,,,,,,,,,
SALESFORCE,,2024,,,,,,,,,"0,91",,"1,60","10,20","12,39","13,59","962,00","53,71","8,63","20,23","12,77","25,15","37,9",,,,,,,,,,,,,,,,,,,,,,,,,,,,,,,,,,
SALESFORCE,,2023,,,,,,,,,"1,14",,"0,00","8,22","13,78","12,08","971,00","66,88","5,80","17,21","9,65",,"34,86",,,,,,,,,,,,,,,,,,,,,,,,,,,,,,,,,,
SALESFORCE,,2022,,,,,,,,,"2,04",,"0,00","5,24","14,92","7,33","1001,00","805,23","0,29","5,93","6,33",,"31,35",,,,,,,,,,,,,,,,,,,,,,,,,,,,,,,,,,
SALESFORCE,,2021,,,,,,,,,"2,77",,"0,00","4,78","14,75","5,33","989,00","156,91","2,43","2,07","5,42",,"26,49",,,,,,,,,,,,,,,,,,,,,,,,,,,,,,,,,,
SALESFORCE,,2020,,,,,,,,,"1,47",,"0,00","4,92","6,89","4,69","919,00","51,52","9,42","2,14","4,40",,"21,25",,,,,,,,,,,,,,,,,,,,,,,,,,,,,,,,,,
SALESFORCE,,2019,,,,,,,,,"1,78",,"0,00","2,99","7,36","4,13","893,00","1023,00","0,43","2,94","4,30",,"17,1",,,,,,,,,,,,,,,,,,,,,,,,,,,,,,,,,,
SALESFORCE,,2018,,,,,,,,,"1,49",,"0,00","2,75","4,36","2,92","770,00","106,27","7,51","4,23","3,62",,"13,28",,,,,,,,,,,,,,,,,,,,,,,,,,,,,,,,,,
S&P GLOBAL,https://encrypted-tbn0.gstatic.com/images?q=tbn:ANd9GcSL49KBUfMDSTa0x6xUSz8O9Ih0WFaNADqNcg&s,2026,Technologie,,"5,41","428,56","356,60","320,14","0,20",,"1,78","0,90","3,84",,"45,37","25,53","298,80","27,09","10,04","40,32","18,06",,"15,34",NYSE:SPGI,"14,96","9,36","2,89",,,,,,,,,,,,,,,,,,,,,,,,,,,,,,
S&P GLOBAL,,2025,,,,,,,,,"1,80",,"3,84","17,83","44,92","24,94","306,00","35,66","10,04","41,93","17,88","26,20","15,34",,,,,,,,,,,,,,,,,,,,,,,,,,,,,,,,,,
S&P GLOBAL,,2024,,,,,,,,,"1,74",,"3,64","15,70","38,61","22,16","315,00","40,33","8,44","40,39","17,84","29,47","14,21",,,,,,,,,,,,,,,,,,,,,,,,,,,,,,,,,,
S&P GLOBAL,,2023,,,,,,,,,"2,15",,"3,60","12,60","37,96","17,67","322,00","53,50","5,60","35,94","11,19","43,72","12,5",,,,,,,,,,,,,,,,,,,,,,,,,,,,,,,,,,
S&P GLOBAL,,2022,,,,,,,,,"2,62",,"3,32","11,19","36,58","13,98","329,00","32,84","11,96","30,77","7,89","32,56","11,18",,,,,,,,,,,,,,,,,,,,,,,,,,,,,,,,,,
S&P GLOBAL,,2021,,,,,,,,,"1,06",,"3,08","13,70","19,45","18,28","241,00","37,74","51,25","51,11","14,74","24,63","8,3",,,,,,,,,,,,,,,,,,,,,,,,,,,,,,,,,,
S&P GLOBAL,,2020,,,,,,,,,"1,19",,"2,68","11,69","19,64","16,48","241,00","34,03","45,82","50,85","14,42","27,74","7,44",,,,,,,,,,,,,,,,,,,,,,,,,,,,,,,,,,
S&P GLOBAL,,2019,,,,,,,,,"1,37",,"2,28","9,53","18,96","13,82","244,00","31,76","45,47","47,89","10,78","26,52","6,7",,,,,,,,,,,,,,,,,,,,,,,,,,,,,,,,,,
S&P GLOBAL,,2018,,,,,,,,,,,,,,,,,,,,,,,,,,,,,,,,,,,,,,,,,,,,,,,,,,,,,,,
BOOKING,https://cf.bstatic.com/static/img/bcom_logo_blue_bg/f12f834e849b2a7f752a14b2598a6ddfeda1e713.svg,2026,Technologie,,"11,42","169,25","164,16","120,66","0,03",,"1,82","0,00",,,"23,86","13,14","774,88","22,13","72,67","23,43","11,38",,"27,69",NASDAQ:BKNG,"16,84","12,10","1,83",,,,,,,,,,,,,,,,,,,,,,,,,,,,,,
BOOKING,,2025,,,,,,,,,"1,89",,"1,54","9,12","23,79","12,57","797,35","32,34","44,95","35,25","11,14","23,19","26,92",,,,,,,,,,,,,,,,,,,,,,,,,,,,,,,,,,
BOOKING,,2024,,,,,,,,,"2,44",,"1,40","7,48","23,86","9,79","83,67","28,77","54,88","31,97","9,27","20,27","23,74",,,,,,,,,,,,,,,,,,,,,,,,,,,,,,,,,,
BOOKING,,2023,,,,,,,,,"2,84",,,"6,09","20,24","7,12","859,94","30,21","33,69","27,33","7,66","0,00","21,36",,,,,,,,,,,,,,,,,,,,,,,,,,,,,,,,,,
BOOKING,,2022,,,,,,,,,"2,99",,,"3,99","16,43","5,50","946,57","26,40","19,85","28,69","6,18","0,00","17,09",,,,,,,,,,,,,,,,,,,,,,,,,,,,,,,,,,
BOOKING,,2021,,,,,,,,,"4,20",,,"1,83","13,20","3,14","1003,00","85,18","7,34","24,14","2,43","0,00","10,96",,,,,,,,,,,,,,,,,,,,,,,,,,,,,,,,,,
BOOKING,,2020,,,,,,,,,"10,42",,,"0,19","11,04","1,06","1002,00",,"0,39","6,67","-0,20","0,00","6,8",,,,,,,,,,,,,,,,,,,,,,,,,,,,,,,,,,
BOOKING,,2019,,,,,,,,,"2,22",,,"4,10","12,19","5,50","1004,00","18,37","30,92","35,48","4,13","0,00","15,07",,,,,,,,,,,,,,,,,,,,,,,,,,,,,,,,,,
BOOKING,,2018,,,,,,,,,#DIV/0!,,,,,,,,,,,,,,,,,,,,,,,,,,,,,,,,,,,,,,,,,,,,,,
CONSTELATION SOFTWARE,https://encrypted-tbn0.gstatic.com/images?q=tbn:ANd9GcQ9P1EBuVfCIf1-QQ9BSr0JRhMjEBjR0KCYtg&s,2026,Technologie,,"18,00","2931,96","3806,54","2827,62","-0,23",,"1,74",,,,"357,31","205,86","21,19","63,63","9,69","16,60","163,13",,"15,59",TSE:CSU,"11,79","12,00","5,30",,,,,,,,,,,,,,,,,,,,,,,,,,,,,,
CONSTELATION SOFTWARE,,2025,,,,,,,,,#DIV/0!,,,,,,,,,,,,,,#DIV/0!,,,,,,,,,,,,,,,,,,,,,,,,,,,,,,,,
CONSTELATION SOFTWARE,,2024,,,,,,,,,"1,78",,"5,52","113,29","307,64","173,25","21,19","94,06","13,13","14,44","128,26","11,69","13,79",,"13,06",,,,,,,Revenio Group : Ils possèdent le standard mondial pour mesurer la pression de l'œil (glaucome).,,,,,,,,,,,,,,,,,,,,,,,,,
CONSTELATION SOFTWARE,,2023,,,,,,,,,"2,01",,"5,34","89,65","279,75","139,29","21,19","91,30","15,36","13,87","102,41","14,85","11,35",,"13,92",,,,,,,,,,,,,,,,,,,,,,,,,,,,,,,,
CONSTELATION SOFTWARE,,2022,,,,,,,,,"1,38",,"5,29","60,20","146,29","105,91","21,19","67,21","19,28","13,67","72,92","16,80","8,62",,"14,75",,,,,,,"Harvia : Le leader mondial du sauna. Un marché ""bien-être"" en pleine explosion.",,,,,,,,,,,,,,,,,,,,,,,,,
CONSTELATION SOFTWARE,,2021,,,,,,,,,"0,94",,"5,03","53,12","83,09","88,51","21,19","127,97","15,98","16,78","173,12","27,44","6,4",,"16,86",,,,,,,,,,,,,,,,,,,,,,,,,,,,,,,,
CONSTELATION SOFTWARE,,2020,,,,,,,,,"0,58",,"5,35","46,21","43,59","75,07","21,19","59,90","31,20","17,08","71,59","19,38","5,32",,"15,61",,,,,,,EVS Broadcast : Indispensable pour tous les ralentis sportifs à la télévision mondiale.,,,,,,,,,,,,,,,,,,,,,,,,,
CONSTELATION SOFTWARE,,2019,,,,,,,,,"0,78",,"5,31","32,90","45,53","58,73","21,19","60,49","27,31","14,76","44,33","25,46","4,63",,"16,11",,,,,,,,,,,,,,,,,,,,,,,,,,,,,,,,
CONSTELATION SOFTWARE,,2018,,,,,,,,,"0,50",,"5,25","35,09","23,74","47,25","21,19","37,67","36,84","15,25","37,77","22,61","3,97",,#REF!,,,,,,,,,,,,,,,,,,,,,,,,,,,,,,,,
EQUASENS,https://equasens.com/wp-content/uploads/2022/05/cropped-logoequasens.png,2026,Technologie,,"8,65","38,35","45,38","38,15","-0,15",,"0,80",,,,"3,27","4,07","15,03","14,68","14,16","18,23","3,39",,,EPA:EQS,"14,82","5,05","2,91",,,,,,,,,,,,,,,,,,,,,,,,,,,,,,
EQUASENS,,2025,,,,,,,,,#DIV/0!,,,,,,,,,,,,,,#DIV/0!,,,,,,,,,,,,,,,,,,,,,,,,,,,,,,,,
EQUASENS,,2024,,,,,,,,,"0,81",,"1,25","2,40","3,19","3,92","15,03","18,53","13,73","20,59","3,26","51,86","398,01",,"15,24",,,,,,,,,,,,,,,,,,,,,,,,,,,,,,,,
EQUASENS,,2023,,,,,,,,,"1,01",,"1,25","3,13","4,57","4,52","15,03","19,71","18,65","25,21","3,31","39,94","394,05",,"18,39",,,,,,,,,,,,,,,,,,,,,,,,,,,,,,,,
EQUASENS,,2022,,,,,,,,,"0,97",,"1,15","3,15","4,40","4,52","15,03","24,51","20,07","26,26","3,19","37,38","350,81",,"19,07",,,,,,,,,,,,,,,,,,,,,,,,,,,,,,,,
EQUASENS,,2021,,,,,,,,,"1,36",,"1,05","2,60","5,54","4,06","1502,00","36,46","18,60","26,04","2,51","40,31","329,95",,"17,86",,,,,,,,,,,,,,,,,,,,,,,,,,,,,,,,
EQUASENS,,2020,,,,,,,,,"1,29",,"0,95","2,05","4,77","3,69","15,07","54,66","16,45","27,16","1,92","46,61","295,78",,"17,51",,,,,,,,,,,,,,,,,,,,,,,,,,,,,,,,
EQUASENS,,2019,,,,,,,,,"1,19",,"0,90","1,89","3,83","3,21","15,03","32,06","16,58","25,76","1,70","47,61","258,1",,"17,43",,,,,,,,,,,,,,,,,,,,,,,,,,,,,,,,
EQUASENS,,2018,,,,,,,,,"0,98",,"0,85","1,70","2,89","2,95","14,97","30,08","18,28","26,21","1,24","50,03","223,81",,"18,47",,,,,,,,,,,,,,,,,,,,,,,,,,,,,,,,
MASTERCARD,https://upload.wikimedia.org/wikipedia/commons/thumb/b/b7/MasterCard_Logo.svg/1280px-MasterCard_Logo.svg.png,2026,Finance & assurance,,"2,89","495,25","365,00","326,00","0,36",,"0,94",,,,"21,91","23,26","885,22","29,73","58,41","57,73","18,83",,"32,84",NYSE:MA,"19,88","11,84","2,51",,,,,,,,,,,,,,,,,,,,,,,,,,,,,,
MASTERCARD,,2025,,,,,,,,,"0,94",,"3,15","17,01","21,72","23,21","887,00","34,55","58,41","60,07","18,67","19,07","32,84",,"19,87",,,,,,,,,,,,,,,,,,,,,,,,,,,,,,,,
MASTERCARD,,2024,,,,,,,,,"1,11",,"2,74","14,60","20,48","18,43","907,00","37,92","55,38","56,98","15,40","19,73","28,16",,,,,,,,,,,,,,,,,,,,,,,,,,,,,,,,,,
MASTERCARD,,2023,,,,,,,,,"1,06",,"2,37","12,26","17,40","16,36","927,00","36,04","52,58","57,84","11,98","20,03","25,13",,,,,,,,,,,,,,,,,,,,,,,,,,,,,,,,,,
MASTERCARD,,2022,,,,,,,,,"1,10",,"2,04","10,65","15,23","13,87","948,00","34,00","47,58","56,63","11,39","19,95","22,22",,,,,,,,,,,,,,,,,,,,,,,,,,,,,,,,,,
MASTERCARD,,2021,,,,,,,,,"1,33",,"1,81","8,40","14,79","11,12","972,00","41,03","43,21","53,94","8,95","20,67","18,88",,,,,,,,,,,,,,,,,,,,,,,,,,,,,,,,,,
MASTERCARD,,2020,,,,,,,,,"1,53",,"1,64","6,43","13,44","8,76","987,00","56,01","37,47","53,03","6,52","25,73","15,3",,,,,,,,,,,,,,,,,,,,,,,,,,,,,,,,,,
MASTERCARD,,2019,,,,,,,,,"0,90",,"1,39","7,77","9,09","10,10","996,00","37,59","61,72","57,47","7,31","17,50","16,88",,,,,,,,,,,,,,,,,,,,,,,,,,,,,,,,,,
MASTERCARD,,2018,,,,,,,,,,,,,,,,,,,,,,,,,,,,,,,,,,,,,,,,,,,,,,,,,,,,,,,
MCDONALDS,https://upload.wikimedia.org/wikipedia/fr/thumb/e/ea/Mcdonalds_France_2009_logo.svg/1280px-Mcdonalds_France_2009_logo.svg.png,2026,Consommation de base,,"5,92","276,11","268,40","239,86","0,03",,"3,76",,,,"76,75","20,43","710,40","26,01","17,15","45,07","10,06",,,NYSE:MCD,"13,49","6,52","3,99",,,,,,,,,,,,,,,,,,,,,,,,,,,,,,
MCDONALDS,,2025,,,,,,,,,"3,76",,"7,17","12,20","76,51","20,35","710,60","25,57","17,15","46,06","10,03","59,99","26,89",,,,,,,,,,,,,,,,,,,,,,,,,,,,,,,,,,
MCDONALDS,,2024,,,,,,,,,"3,72",,"6,78","11,72","71,96","19,33","715,20","25,45","17,68","45,76","9,24","59,52","25,92",,,,,,,,,,,,,,,,,,,,,,,,,,,,,,,,,,
MCDONALDS,,2023,,,,,,,,,"3,88",,"6,23","11,94","72,50","18,70","731,30","25,64","19,35","45,97","9,91","53,87","25,49",,,,,,,,,,,,,,,,,,,,,,,,,,,,,,,,,,
MCDONALDS,,2022,,,,,,,,,"3,98",,"5,66","10,10","65,69","16,49","744,80","31,62","14,35","44,66","7,40","67,92","23,18",,,,,,,,,,,,,,,,,,,,,,,,,,,,,,,,,,
MCDONALDS,,2021,,,,,,,,,"4,24",,"5,25","9,28","65,64","15,48","745,40","26,71","17,81","42,09","9,45","52,31","23,22",,,,,,,,,,,,,,,,,,,,,,,,,,,,,,,,,,
MCDONALDS,,2020,,,,,,,,,"5,78",,"5,04","6,05","68,61","11,88","745,50","34,03","11,92","37,29","6,17","79,92","19,21",,,,,,,,,,,,,,,,,,,,,,,,,,,,,,,,,,
MCDONALDS,,2019,,,,,,,,,"4,53",,"4,73","7,84","62,17","13,72","746,30","25,09","18,98","41,56","7,49","60,05","21,36",,,,,,,,,,,,,,,,,,,,,,,,,,,,,,,,,,
MCDONALDS,,2018,,,,,,,,,,,,,,,,,,,,,,,,,,,,,,,,,,,,,,,,,,,,,,,,,,,,,,,
COCA COLA,https://dirigeants-entreprise.com/content/uploads/coca-cola.png,2026,Consommation de base,,"2,44","78,64","69,00","55,20","0,14",,"2,59",,,,"10,17","3,92","4,30","25,32","19,24","34,88","2,91",,"49,81",NYSE:KO,"16,55","5,16","4,91",,,,,,,,,,,,,,,,,,,,,,,,,,,,,,
COCA COLA,,2025,,,,,,,,,"2,91",,"2,04","3,00","10,95","3,76","4,30","23,00","18,22","31,38","1,23","67,13","48,39",,,,,,,,,,,,,,,,,,,,,,,,,,,,,,,,,,
COCA COLA,,2024,,,,,,,,,"3,07",,"1,94","2,88","10,59","3,45","4,30","25,30","16,27","29,58","1,10","78,83","46,77",,,,,,,,,,,,,,,,,,,,,,,,,,,,,,,,,,
COCA COLA,,2023,,,,,,,,,"3,03",,"1,84","2,69","10,01","3,30","4,31","23,87","17,27","28,78","2,25","74,52","45,83",,,,,,,,,,,,,,,,,,,,,,,,,,,,,,,,,,
COCA COLA,,2022,,,,,,,,,"3,07",,"1,76","2,48","9,33","3,04","4,33","29,00","15,41","27,90","2,19","80,23","42,84",,,,,,,,,,,,,,,,,,,,,,,,,,,,,,,,,,
COCA COLA,,2021,,,,,,,,,"3,61",,"1,68","2,32","10,19","2,82","4,33","26,30","15,89","27,90","2,59","74,62","38,73",,,,,,,,,,,,,,,,,,,,,,,,,,,,,,,,,,
COCA COLA,,2020,,,,,,,,,"3,97",,"1,64","1,95","10,27","2,59","4,30","30,60","14,30","29,22","2,00","91,52","33,03",,,,,,,,,,,,,,,,,,,,,,,,,,,,,,,,,,
COCA COLA,,2019,,,,,,,,,"3,72",,"1,60","2,11","10,24","2,75","4,28","26,77","19,83","28,18","1,95","77,38","37,27",,,,,,,,,,,,,,,,,,,,,,,,,,,,,,,,,,
COCA COLA,,2018,,,,,,,,,,,,,,,,,,,,,,,,,,,,,,,,,,,,,,,,,,,,,,,,,,,,,,,
VISA,https://encrypted-tbn0.gstatic.com/images?q=tbn:ANd9GcRB6YnQoM78NCEw3f--iWcGhpQFjBxfo9k6fw&s,2026,Consommation de base,,"11,13","322,77","321,16","256,93","0,01",,"0,79",,,,"12,51","15,77","1,66","28,57","39,03","67,67","11,06",,"43,03",NYSE:V,"19,59","11,25","2,54",,,,,,,,,,,,,,,,,,,,,,,,,,,,,,
VISA,,2025,,,,,,,,,"0,93",,"2,36","11,47","13,27","14,29","1,69","33,81","33,39","67,17","10,98","23,37",40,,,,,,,,,,,,,,,,,,,,,,,,,,,,,,,,,,
VISA,,2024,,,,,,,,,"0,86",,"2,08","10,05","10,68","12,42","1,73","28,67","32,36","67,25","9,21","21,69","35,93",,,,,,,,,,,,,,,,,,,,,,,,,,,,,,,,,,
VISA,,2023,,,,,,,,,"0,91",,"1,80","8,77","10,06","11,01","1,59","28,23","29,34","67,43","9,45","22,09","32,65",,,,,,,,,,,,,,,,,,,,,,,,,,,,,,,,,,
VISA,,2022,,,,,,,,,"1,11",,"1,50","7,50","10,75","9,65","1,64","25,94","25,61","67,38","8,37","21,90","29,31",,,,,,,,,,,,,,,,,,,,,,,,,,,,,,,,,,
VISA,,2021,,,,,,,,,"1,30",,"1,28","5,91","9,87","7,60","1,68","40,59","20,74","65,66","6,64","23,32","24,11",,,,,,,,,,,,,,,,,,,,,,,,,,,,,,,,,,
VISA,,2020,,,,,,,,,"1,66",,"1,20","5,04","11,08","6,69","1,68","42,44","19,19","64,58","4,37","25,47","21,85",,,,,,,,,,,,,,,,,,,,,,,,,,,,,,,,,,
VISA,,2019,,,,,,,,,"1,04",,"1,00","5,44","7,36","7,07","1,72","33,55","22,83","67,03","5,29","19,50","22,98",,,,,,,,,,,,,,,,,,,,,,,,,,,,,,,,,,
VISA,,2018,,,,,,,,,,,,,,,,,,,,,,,,,,,,,,,,,,,,,,,,,,,,,,,,,,,,,,,
ENGIE,https://www.fournisseur-energie.com/_next/image/?url=https%3A%2F%2Fd11o8pt3cttu38.cloudfront.net%2Fwp-content%2Fuploads%2F2024%2F09%2Flogos-engie.png&w=640&q=75,2026,Consommation de base,,"-2,50","26,66","18,12","14,50","0,47",,"4,25",,,,"19,87","4,68","2,54","17,61","4,98","11,72","-3,19",,"71,94","EPA:ENGI
","4,48","5,33","3,31",,,,,,,,,,,,,,,,,,,,,,,,,,,,,,
ENGIE,,2025,,,,,,,,,"4,32",,"1,35","1,51","24,13","5,58","2,43","14,84","4,80","11,80","-3,88","88,92","71,94",,,,,,,,,,,,,,,,,,,,,,,,,,,,,,,,,,
ENGIE,,2024,,,,,,,,,"3,97",,"1,48","1,65","23,01","5,79","2,43","9,25","5,54","12,15","1,33","89,05","73,81",,,,,,,,,,,,,,,,,,,,,,,,,,,,,,,,,,
ENGIE,,2023,,,,,,,,,"4,39",,"1,43","2,20","20,92","4,77","2,42","18,11","3,27","7,15","2,24","162,68","82,56",,,,,,,,,,,,,,,,,,,,,,,,,,,,,,,,,,
ENGIE,,2022,,,,,,,,,"5,56",,"1,40","2,16","18,18","3,27","2,42","231,63","-3,15","2,89","0,64","2420,00","93,86",,,,,,,,,,,,,,,,,,,,,,,,,,,,,,,,,,
ENGIE,,2021,,,,,,,,,"4,28",,"0,85","1,24","18,43","4,31","2,42","8,94","5,47","9,48","0,03","58,08","57,87",,,,,,,,,,,,,,,,,,,,,,,,,,,,,,,,,,
ENGIE,,2020,,,,,,,,,"5,01",,"0,53","0,63","17,32","3,46","2,42",,"-2,57","7,65","0,88",,"44,31",,,,,,,,,,,,,,,,,,,,,,,,,,,,,,,,,,
ENGIE,,2019,,,,,,,,,"4,57",,"0,00","1,05","17,51","3,83","2,,41","42,59","1,31","7,05","0,43","0,00","60,06",,,,,,,,,,,,,,,,,,,,,,,,,,,,,,,,,,
ENGIE,,2018,,,,,,,,,,,,,,,,,,,,,,,,,,,,,,,,,,,,,,,,,,,,,,,,,,,,,,,
ORANGE,https://upload.wikimedia.org/wikipedia/commons/c/c8/Orange_logo.svg,2026,Consommation de base,,"-14,17","17,91","7,74","6,19","1,31",,"4,23",,,,"18,81","4,45","2,66","89,38","0,73","13,23","1,30",,"40,4","EPA:ORA
","3,34","1,51","59,24",,,,,,,,,,,,,,,,,,,,,,,,,,,,,,
ORANGE,,2025,,,,,,,,,"4,23",,"0,75","0,86","18,82","4,45","2,66","102,31","0,48","8,14","1,30","540,35","40,4",,,,,,,,,,,,,,,,,,,,,,,,,,,,,,,,,,
ORANGE,,2024,,,,,,,,,"3,67",,"0,75","0,82","18,03","4,91","2,66","11,78","2,89","12,82","1,31","91,75","40,26",,,,,,,,,,,,,,,,,,,,,,,,,,,,,,,,,,
ORANGE,,2023,,,,,,,,,"4,29",,"0,72","0,85","19,79","4,61","2,66","12,10","2,94","11,38","1,59","84,53","39,68",,,,,,,,,,,,,,,,,,,,,,,,,,,,,,,,,,
ORANGE,,2022,,,,,,,,,"3,88",,"0,70","0,81","19,77","5,09","2,66","12,74","2,75","11,59","0,91","95,63","43,47",,,,,,,,,,,,,,,,,,,,,,,,,,,,,,,,,,
ORANGE,,2021,,,,,,,,,"4,23",,"0,70","0,09","19,59","4,63","2,66","3140,00","0,01","8,63","0,94","2333,00","42,52",,,,,,,,,,,,,,,,,,,,,,,,,,,,,,,,,,
ORANGE,,2020,,,,,,,,,"3,78",,"0,70","1,76","19,21","5,08","2,66","5,71","6,48","12,00","1,55","40,71","42,27",,,,,,,,,,,,,,,,,,,,,,,,,,,,,,,,,,
ORANGE,,2019,,,,,,,,,"3,98",,"0,50","1,02","20,12","5,06","2,65","12,84","4,28","12,31","0,66","48,47","42,24",,,,,,,,,,,,,,,,,,,,,,,,,,,,,,,,,,
ORANGE,,2018,,,,,,,,,,,,,,,,,,,,,,,,,,,,,,,,,,,,,,,,,,,,,,,,,,,,,,,
SAFRAN,https://www.logotheque-vectorielle.fr/wp-content/uploads/2022/10/logo-vectoriel-safran.jpg,2026,Consommation de base,,"-8,70","297,00","152,00","121,60","0,95",,"0,95",,,,"12,75","13,46","416,91","17,64","45,12","11,77","10,73",,"31,19","EPA:SAF
","15,64","4,39","4,02",,,,,,,,,,,,,,,,,,,,,,,,,,,,,,
SAFRAN,,2025,,,,,,,,,"0,95",,"3,35","7,60","12,74","13,45","416,91","17,32","45,12","13,29","10,73","19,51","31,19",,,,,,,,,,,,,,,,,,,,,,,,,,,,,,,,,,
SAFRAN,,2024,,,,,,,,,"1,03",,"2,90","7,29","12,15","11,74","416,78",,"-4,33","12,56","8,86",,"27,72",,,,,,,,,,,,,,,,,,,,,,,,,,,,,,,,,,
SAFRAN,,2023,,,,,,,,,"1,67",,"2,20","4,70","15,26","9,13","413,53","19,97","21,10","11,00","7,87","26,69","23,65",,,,,,,,,,,,,,,,,,,,,,,,,,,,,,,,,,
SAFRAN,,2022,,,,,,,,,"2,14",,"1,35","2,68","16,29","7,62","424,56",,"-14,32","9,62","7,14",,"19,52",,,,,,,,,,,,,,,,,,,,,,,,,,,,,,,,,,
SAFRAN,,2021,,,,,,,,,"3,27",,"0,50","1,73","16,21","4,95","426,79","1100,00","0,24","5,27","4,66","496,03","15,13",,,,,,,,,,,,,,,,,,,,,,,,,,,,,,,,,,
SAFRAN,,2020,,,,,,,,,"2,74",,"0,43","1,92","15,91","5,80","400,27","145,08","2,14","6,66","3,17","52,05","16,63",,,,,,,,,,,,,,,,,,,,,,,,,,,,,,,,,,
SAFRAN,,2019,,,,,,,,,"1,48",,"0,00","6,13","16,73","11,30","424,68","24,47","15,28","13,75","5,44","0,00","25,1",,,,,,,,,,,,,,,,,,,,,,,,,,,,,,,,,,
SAFRAN,,2018,,,,,,,,,,,,,,,,,,,,,,,,,,,,,,,,,,,,,,,,,,,,,,,,,,,,,,,
